City_ID,City,Lat,Lng,Max Temp,Humidity,Cloudiness,Wind Speed,Country,Date
0,Cape Town,-33.93,18.42,63.0,93,33,6.93,ZA,2020-05-08 04:23:39
1,Touros,-5.2,-35.46,73.4,100,20,4.7,BR,2020-05-08 04:25:58
2,Codrington,-38.27,141.97,62.13,63,33,13.13,AU,2020-05-08 04:25:00
3,Itarema,-2.92,-39.92,76.33,89,1,5.95,BR,2020-05-08 04:30:04
4,Ponta Do Sol,32.67,-17.1,60.8,77,20,3.36,PT,2020-05-08 04:25:18
5,Brae,60.4,-1.35,44.6,87,94,6.93,GB,2020-05-08 04:25:56
6,Bam,29.11,58.36,81.93,15,0,14.0,IR,2020-05-08 04:30:04
7,Torbay,47.67,-52.73,34.0,99,90,28.86,CA,2020-05-08 04:25:01
8,Warrington,53.39,-2.58,52.0,87,98,2.24,GB,2020-05-08 04:29:57
9,Baglung,28.27,83.59,78.67,26,0,4.88,NP,2020-05-08 04:30:05
10,Jamestown,42.1,-79.24,41.0,52,75,9.17,US,2020-05-08 04:25:01
11,Tsaratanana,-16.78,47.65,76.08,64,4,7.09,MG,2020-05-08 04:30:05
12,Zhanaozen,43.3,52.8,59.41,83,98,5.5,KZ,2020-05-08 04:25:48
13,Bikaner,28.02,73.3,101.95,16,0,9.04,IN,2020-05-08 04:30:06
14,Kedrovyy,56.17,91.82,48.2,56,40,11.18,RU,2020-05-08 04:30:06
15,Magadi,12.97,77.23,87.01,65,40,6.93,IN,2020-05-08 04:30:06
16,Abha,18.22,42.51,68.0,77,23,3.42,SA,2020-05-08 04:25:26
17,Havoysund,71.0,24.66,37.4,74,75,13.87,NO,2020-05-08 04:30:07
18,Hithadhoo,-0.6,73.08,84.67,79,89,14.54,MV,2020-05-08 04:25:12
19,Riachao Do Dantas,-11.07,-37.73,72.43,97,100,0.63,BR,2020-05-08 04:30:07
20,Sao Luis Do Quitunde,-9.32,-35.56,73.4,94,100,2.24,BR,2020-05-08 04:30:07
21,Soyo,-6.13,12.37,78.6,91,65,4.0,AO,2020-05-08 04:26:07
22,Hun,29.13,15.95,63.64,80,1,7.99,LY,2020-05-08 04:30:08
23,Lovozero,68.0,35.01,35.91,93,89,4.94,RU,2020-05-08 04:30:08
24,Bure,10.7,37.07,67.24,62,92,4.05,ET,2020-05-08 04:30:08
25,Kabinda,-6.13,24.48,68.56,91,57,4.12,CD,2020-05-08 04:30:08
26,Tutoia,-2.76,-42.27,77.27,88,2,3.29,BR,2020-05-08 04:25:15
27,Arraial Do Cabo,-22.97,-42.03,70.18,72,68,11.48,BR,2020-05-08 04:25:03
28,Port Elizabeth,-33.92,25.57,60.8,87,100,16.11,ZA,2020-05-08 04:25:41
29,Kouango,4.99,19.96,72.52,97,100,2.77,CF,2020-05-08 04:30:09
30,Dikson,73.51,80.55,24.58,98,100,25.66,RU,2020-05-08 04:25:11
31,Margate,51.38,1.39,55.0,60,83,1.01,GB,2020-05-08 04:26:46
32,Punta Arenas,-53.15,-70.92,37.4,100,90,6.35,CL,2020-05-08 04:25:27
33,Upernavik,72.79,-56.15,16.09,92,16,6.04,GL,2020-05-08 04:25:14
34,East London,-33.02,27.91,60.8,87,88,5.82,ZA,2020-05-08 04:25:12
35,Qaanaaq,77.48,-69.36,13.06,92,100,3.42,GL,2020-05-08 04:25:33
36,Manaure,11.78,-72.44,80.11,83,98,8.55,CO,2020-05-08 04:30:10
37,Hukuntsi,-24.0,21.75,56.32,55,0,8.97,BW,2020-05-08 04:28:36
38,Bandarbeyla,9.49,50.81,82.98,70,3,3.96,SO,2020-05-08 04:25:13
39,Albany,42.6,-73.97,46.0,65,73,11.25,US,2020-05-08 04:22:47
40,Ushuaia,-54.8,-68.3,46.4,75,90,10.29,AR,2020-05-08 04:25:05
41,Doesburg,52.01,6.14,46.0,86,90,3.36,NL,2020-05-08 04:30:11
42,Borgarnes,64.54,-21.92,35.6,69,20,10.22,IS,2020-05-08 04:30:11
43,Bambous Virieux,-20.34,57.76,77.0,88,40,3.36,MU,2020-05-08 04:26:02
44,Luderitz,-26.65,15.16,53.6,93,53,1.12,NA,2020-05-08 04:25:29
45,Bilma,18.69,12.92,76.75,16,0,4.79,NE,2020-05-08 04:25:20
46,Sens,48.17,3.33,45.0,89,80,4.29,FR,2020-05-08 04:30:12
47,Tarut,26.57,50.04,80.6,36,42,11.41,SA,2020-05-08 04:30:12
48,Busselton,-33.65,115.33,57.99,88,99,1.01,AU,2020-05-08 04:24:31
49,Los Llanos De Aridane,28.66,-17.92,64.4,72,17,6.93,ES,2020-05-08 04:25:24
50,Vallenar,-28.57,-70.76,57.07,70,0,0.87,CL,2020-05-08 04:30:12
51,Saint-Philippe,-21.36,55.77,77.0,69,20,2.24,RE,2020-05-08 04:25:06
52,Vwawa,-9.12,32.93,60.3,92,86,5.39,TZ,2020-05-08 04:30:13
53,Hermanus,-34.42,19.23,54.0,95,28,7.87,ZA,2020-05-08 04:27:07
54,Sao Filipe,14.9,-24.5,72.7,77,31,10.67,CV,2020-05-08 04:25:30
55,Kosh-Agach,50.0,88.67,48.99,48,38,7.0,RU,2020-05-08 04:30:13
56,Santa Cruz Cabralia,-16.28,-39.02,73.4,88,90,4.7,BR,2020-05-08 04:26:51
57,Ler,8.3,30.14,81.57,62,98,2.59,SS,2020-05-08 04:30:14
58,Georgetown,5.41,100.34,89.6,75,40,4.7,MY,2020-05-08 04:21:29
59,Qaqortoq,60.72,-46.03,41.0,75,40,4.7,GL,2020-05-08 04:26:15
60,Mar Del Plata,-38.0,-57.56,51.01,87,43,10.29,AR,2020-05-08 04:20:44
61,Ribeira Grande,38.52,-28.7,61.39,71,52,22.06,PT,2020-05-08 04:25:04
62,Westerland,54.91,8.3,44.6,87,0,8.05,DE,2020-05-08 04:28:28
63,Pisco,-13.7,-76.22,66.99,82,100,6.93,PE,2020-05-08 04:25:52
64,Coquimbo,-29.95,-71.34,57.2,87,84,3.36,CL,2020-05-08 04:25:37
65,Neuquen,-38.95,-68.06,42.8,87,97,2.59,AR,2020-05-08 04:29:14
66,Colares,38.8,-9.45,62.01,87,33,8.05,PT,2020-05-08 04:28:36
67,Narsaq,60.92,-46.05,41.0,75,76,4.7,GL,2020-05-08 04:25:08
68,Malumfashi,11.79,7.62,75.52,51,36,8.28,NG,2020-05-08 04:30:16
69,Cadiz,36.5,-5.75,66.99,72,0,2.24,ES,2020-05-08 04:30:16
70,Bay Roberts,47.6,-53.26,36.0,1,100,5.01,CA,2020-05-08 04:26:39
71,Kalabo,-14.97,22.68,56.35,71,0,5.41,ZM,2020-05-08 04:30:17
72,Iskateley,67.68,53.15,33.62,99,99,7.87,RU,2020-05-08 04:30:17
73,Helsingborg,56.05,12.69,45.0,90,3,5.99,SE,2020-05-08 04:30:17
74,Amapa,1.0,-52.0,72.14,98,100,2.71,BR,2020-05-08 04:25:18
75,Port Alfred,-33.59,26.89,64.0,80,96,1.99,ZA,2020-05-08 04:25:05
76,Castro,-24.79,-50.01,44.56,92,0,5.64,BR,2020-05-08 04:25:10
77,Bredasdorp,-34.53,20.04,59.0,87,71,1.12,ZA,2020-05-08 04:25:10
78,Longyearbyen,78.22,15.64,26.6,73,20,4.7,SJ,2020-05-08 04:25:09
79,Mahebourg,-20.41,57.7,77.0,88,40,3.36,MU,2020-05-08 04:25:14
80,Kapoeta,4.77,33.59,78.33,67,95,16.22,SS,2020-05-08 04:30:18
81,Hobe Sound,27.06,-80.14,69.01,51,76,5.01,US,2020-05-08 04:30:19
82,Angoche,-16.23,39.91,73.49,81,15,10.8,MZ,2020-05-08 04:26:37
83,Belyy Yar,53.6,91.39,51.8,50,17,4.47,RU,2020-05-08 04:27:02
84,Clyde River,70.47,-68.59,3.2,77,1,4.7,CA,2020-05-08 04:27:17
85,Uruzgan,32.83,66.0,75.51,19,25,0.51,AF,2020-05-08 04:30:19
86,Santa Lucia,27.91,-15.54,66.2,68,20,11.41,ES,2020-05-08 04:30:19
87,Mwingi,-0.93,38.06,69.06,81,85,4.88,KE,2020-05-08 04:30:20
88,Cidreira,-30.18,-50.21,55.13,88,8,5.19,BR,2020-05-08 04:25:04
89,Gusau,12.16,6.66,78.31,42,6,5.03,NG,2020-05-08 04:26:20
90,Mao,39.89,4.27,62.6,88,100,12.75,ES,2020-05-08 04:26:39
91,Orvault,47.27,-1.62,59.0,72,99,5.82,FR,2020-05-08 04:30:20
92,Baijiantan,45.63,85.18,68.7,21,0,6.6,CN,2020-05-08 04:28:04
93,Sanchor,24.76,71.77,100.26,24,2,13.87,IN,2020-05-08 04:30:21
94,Kutum,14.2,24.67,66.54,24,76,4.47,SD,2020-05-08 04:25:49
95,Methoni,36.82,21.7,60.01,62,21,3.4,GR,2020-05-08 04:30:21
96,Iacu,-12.77,-40.21,71.69,93,93,2.19,BR,2020-05-08 04:30:21
97,Tirumullaivasal,11.23,79.83,93.34,51,28,8.3,IN,2020-05-08 04:30:21
98,Ancud,-41.87,-73.82,57.0,100,90,8.05,CL,2020-05-08 04:25:36
99,Berlevag,70.86,29.09,35.6,87,75,23.04,NO,2020-05-08 04:26:56
100,Olinda,-8.01,-34.86,82.4,69,40,6.93,BR,2020-05-08 04:30:22
101,Vestmannaeyjar,63.44,-20.27,41.76,67,50,13.51,IS,2020-05-08 04:25:49
102,Birao,10.28,22.79,79.11,63,96,3.85,CF,2020-05-08 04:30:22
103,Morondava,-20.28,44.28,72.21,53,99,7.38,MG,2020-05-08 04:30:22
104,Richards Bay,-28.78,32.04,63.09,91,0,6.38,ZA,2020-05-08 04:25:34
105,Jumla,29.27,82.18,51.01,85,0,3.02,NP,2020-05-08 04:26:20
106,Altay,47.87,88.12,60.08,32,0,3.15,CN,2020-05-08 04:25:37
107,Novyy Urengoy,66.08,76.63,39.9,99,100,13.4,RU,2020-05-08 04:29:25
108,Santa Fe,-31.63,-60.7,53.01,74,0,4.0,AR,2020-05-08 04:26:29
109,Ciudad Ojeda,10.2,-71.31,81.28,83,89,3.62,VE,2020-05-08 04:30:23
110,Ugoofaaru,5.67,73.0,84.02,74,94,5.84,MV,2020-05-08 04:25:04
111,Saint George,37.1,-113.58,73.4,8,1,21.92,US,2020-05-08 04:23:37
112,Saint-Prosper,46.21,-70.48,43.0,73,93,9.22,CA,2020-05-08 04:30:24
113,Quatre Cocos,-20.21,57.76,77.0,88,40,3.36,MU,2020-05-08 04:25:59
114,Chuy,-33.7,-53.46,48.61,82,23,5.48,UY,2020-05-08 04:25:08
115,Mitsamiouli,-11.38,43.28,81.32,76,2,13.8,KM,2020-05-08 04:27:25
116,Dubrovytsya,51.57,26.57,44.04,79,89,7.45,UA,2020-05-08 04:30:25
117,Saldanha,-33.01,17.94,51.8,87,6,5.82,ZA,2020-05-08 04:25:37
118,Aden,12.78,45.04,86.31,74,36,15.88,YE,2020-05-08 04:25:43
119,Chimbote,-9.09,-78.58,69.1,82,69,5.39,PE,2020-05-08 04:30:25
120,Nanortalik,60.14,-45.24,38.08,85,84,3.31,GL,2020-05-08 04:25:07
121,Canto Do Buriti,-8.11,-42.94,72.23,87,100,1.07,BR,2020-05-08 04:30:26
122,Pangnirtung,66.15,-65.71,19.85,84,58,2.84,CA,2020-05-08 04:25:16
123,Bathsheba,13.22,-59.52,80.6,78,40,20.8,BB,2020-05-08 04:25:06
124,Macedo De Cavaleiros,41.54,-6.96,55.99,89,74,2.21,PT,2020-05-08 04:30:26
125,Djenne,13.91,-4.55,85.44,37,71,9.89,ML,2020-05-08 04:30:27
126,Souillac,-20.52,57.52,77.0,88,40,3.36,MU,2020-05-08 04:25:16
127,Monrovia,6.3,-10.8,80.22,87,94,3.91,LR,2020-05-08 04:26:26
128,Saint-Pierre,-21.34,55.48,77.0,69,20,2.24,RE,2020-05-08 04:25:45
129,Obo,5.4,26.49,68.31,98,62,2.77,CF,2020-05-08 04:28:21
130,Khvoynaya,58.9,34.53,42.37,67,89,5.7,RU,2020-05-08 04:30:28
131,Kayerkan,69.35,87.76,35.6,80,75,26.84,RU,2020-05-08 04:30:28
132,San Pedro,14.35,121.02,96.8,47,20,5.82,PH,2020-05-08 04:30:28
133,Boa Vista,2.82,-60.67,78.8,83,40,9.17,BR,2020-05-08 04:25:09
134,Kourou,5.16,-52.65,80.6,83,99,5.82,GF,2020-05-08 04:30:28
135,Nampula,-15.12,39.27,66.2,93,40,10.29,MZ,2020-05-08 04:30:29
136,Destin,30.39,-86.5,60.01,76,1,1.97,US,2020-05-08 04:25:51
137,Leshukonskoye,64.9,45.76,38.26,92,100,3.2,RU,2020-05-08 04:27:24
138,Cayenne,4.93,-52.33,80.6,83,98,5.82,GF,2020-05-08 04:27:13
139,Nalut,30.33,10.85,68.07,51,57,20.0,LY,2020-05-08 04:30:29
140,Saint Albans,51.75,-0.33,51.8,81,100,6.93,GB,2020-05-08 04:28:45
141,Praia Da Vitoria,38.73,-27.07,59.0,87,40,13.24,PT,2020-05-08 04:26:55
142,Sao Felix Do Xingu,-6.64,-51.99,72.66,96,100,1.63,BR,2020-05-08 04:28:14
143,Maceio,-9.67,-35.74,73.4,94,100,2.24,BR,2020-05-08 04:26:13
144,Crateus,-5.18,-40.68,69.57,92,89,1.21,BR,2020-05-08 04:30:30
145,Gamboma,-1.88,15.86,73.27,91,68,1.28,CG,2020-05-08 04:30:30
146,Tasiilaq,65.61,-37.64,26.6,73,0,2.24,GL,2020-05-08 04:25:31
147,Usinsk,65.99,57.53,55.36,85,95,21.68,RU,2020-05-08 04:25:28
148,Adrar,20.5,-10.07,88.05,14,92,17.4,MR,2020-05-08 04:26:10
149,Necochea,-38.55,-58.74,48.0,84,68,5.99,AR,2020-05-08 04:24:52
150,Talnakh,69.49,88.4,35.6,80,75,26.84,RU,2020-05-08 04:27:45
151,Chapais,49.78,-74.85,23.0,79,90,9.17,CA,2020-05-08 04:25:06
152,Vahan,40.58,45.4,48.67,67,0,10.04,AM,2020-05-08 04:30:32
153,Mbaiki,3.87,17.99,69.06,99,100,4.5,CF,2020-05-08 04:30:32
154,Great Yarmouth,52.61,1.73,48.0,92,97,6.51,GB,2020-05-08 04:30:32
155,Karasburg,-28.02,18.75,64.71,26,80,5.86,NA,2020-05-08 04:25:51
156,Shetpe,44.17,52.12,63.91,72,23,7.67,KZ,2020-05-08 04:30:32
157,Kongolo,-5.38,27.0,70.48,93,100,3.49,CD,2020-05-08 04:30:32
158,Saint-Joseph,-21.37,55.62,77.0,69,20,2.24,RE,2020-05-08 04:27:27
159,Killybegs,54.63,-8.45,52.0,91,100,4.14,IE,2020-05-08 04:30:33
160,Nieuw Amsterdam,5.88,-55.08,79.0,90,56,1.01,SR,2020-05-08 04:30:33
161,Itaobim,-16.57,-41.83,69.57,92,100,2.95,BR,2020-05-08 04:30:33
162,Ravar,31.27,56.81,72.93,21,0,5.14,IR,2020-05-08 04:28:07
163,Waspan,14.74,-83.97,76.37,93,87,2.3,NI,2020-05-08 04:30:34
164,Hofn,64.25,-15.21,36.03,77,32,15.95,IS,2020-05-08 04:25:48
165,Husavik,66.04,-17.34,32.0,91,90,23.04,IS,2020-05-08 04:25:05
166,Taltal,-25.4,-70.48,58.89,75,17,2.28,CL,2020-05-08 04:25:52
167,Baikunthpur,23.25,82.55,99.46,10,0,9.6,IN,2020-05-08 04:30:34
168,Paamiut,61.99,-49.67,36.61,83,80,0.63,GL,2020-05-08 04:25:36
169,Dalbandin,28.89,64.41,89.02,12,0,4.03,PK,2020-05-08 04:26:24
170,Ilulissat,69.22,-51.1,23.0,73,0,5.23,GL,2020-05-08 04:25:39
171,Baherden,38.44,57.43,75.31,34,17,6.55,TM,2020-05-08 04:28:33
172,Jacksonville,30.33,-81.66,64.4,52,1,9.17,US,2020-05-08 04:26:44
173,Hobyo,5.35,48.53,84.51,69,0,4.18,SO,2020-05-08 04:26:00
174,Abu Samrah,35.3,37.18,62.31,49,21,2.51,SY,2020-05-08 04:25:09
175,Kavaratti,10.57,72.64,87.8,70,75,4.7,IN,2020-05-08 04:25:52
176,Iqaluit,63.75,-68.51,28.4,50,75,4.7,CA,2020-05-08 04:25:23
177,Lasa,46.62,10.7,41.0,86,5,4.7,IT,2020-05-08 04:27:04
178,Scarborough,54.28,-0.4,50.0,81,24,5.44,GB,2020-05-08 04:27:35
179,Mporokoso,-9.37,30.12,59.9,88,44,9.24,ZM,2020-05-08 04:30:37
180,Remanso,-9.62,-42.08,76.12,72,83,3.71,BR,2020-05-08 04:30:37
181,Saint-Augustin,51.23,-58.65,33.57,97,100,6.96,CA,2020-05-08 04:25:11
182,Klaksvik,62.23,-6.59,44.6,87,100,10.29,FO,2020-05-08 04:25:18
183,Sarh,9.14,18.39,78.8,78,20,5.26,TD,2020-05-08 04:30:37
184,Bonavista,48.65,-53.11,33.01,83,100,10.0,CA,2020-05-08 04:25:40
185,Prieska,-29.66,22.75,55.63,36,100,1.74,ZA,2020-05-08 04:30:38
186,Arrifes,37.77,-25.7,59.0,82,20,10.29,PT,2020-05-08 04:30:38
187,Beyneu,45.32,55.2,70.21,49,100,15.7,KZ,2020-05-08 04:26:52
188,Metu,8.3,35.58,59.54,97,100,0.94,ET,2020-05-08 04:27:58
189,Gat,31.61,34.76,63.0,74,0,1.99,IL,2020-05-08 04:26:18
190,Shache,38.42,77.24,64.54,42,92,5.14,CN,2020-05-08 04:27:34
191,Grindavik,63.84,-22.43,37.4,78,75,17.22,IS,2020-05-08 04:25:41
192,Tessalit,20.2,1.01,83.14,13,0,14.54,ML,2020-05-08 04:26:32
193,Muravlenko,63.79,74.52,61.43,61,99,15.39,RU,2020-05-08 04:30:39
194,Vila Velha,-20.33,-40.29,66.2,93,75,2.24,BR,2020-05-08 04:25:01
195,Casablanca,33.59,-7.62,64.4,77,75,4.7,MA,2020-05-08 04:30:04
196,Comodoro Rivadavia,-45.87,-67.5,68.0,52,100,9.17,AR,2020-05-08 04:25:28
197,Meulaboh,4.14,96.13,77.56,94,100,11.1,ID,2020-05-08 04:30:40
198,Bereda,43.27,-7.54,55.99,100,49,5.01,ES,2020-05-08 04:26:30
199,Abu Zabad,12.35,29.25,75.27,20,33,5.91,SD,2020-05-08 04:27:44
200,Tabou,4.42,-7.35,79.83,85,98,4.79,CI,2020-05-08 04:26:22
201,Aasiaat,68.71,-52.87,22.12,93,0,9.04,GL,2020-05-08 04:28:02
202,Aquiraz,-3.9,-38.39,80.6,78,20,4.7,BR,2020-05-08 04:28:11
203,Ankazobe,-18.32,47.12,60.8,100,75,4.7,MG,2020-05-08 04:30:41
204,Tres Arroyos,-38.37,-60.28,50.04,56,67,13.58,AR,2020-05-08 04:30:41
205,Acari,-15.43,-74.62,71.58,62,99,0.94,PE,2020-05-08 04:28:16
206,Hamilton,39.18,-84.53,57.0,76,40,8.05,US,2020-05-08 04:21:47
207,Buraydah,26.33,43.98,77.0,33,20,5.82,SA,2020-05-08 04:27:31
208,Teguldet,57.31,88.17,51.96,49,91,3.29,RU,2020-05-08 04:28:20
209,Manta,-0.95,-80.73,78.8,88,90,8.05,EC,2020-05-08 04:30:42
210,Aripuana,-9.17,-60.63,68.9,93,87,4.43,BR,2020-05-08 04:28:05
211,Diapaga,12.07,1.79,86.41,45,17,7.14,BF,2020-05-08 04:30:42
212,Carutapera,-1.2,-46.02,76.68,93,76,5.08,BR,2020-05-08 04:25:57
213,Tabuk,17.42,121.44,91.33,56,7,4.72,PH,2020-05-08 04:26:30
214,Dahanu,19.97,72.73,88.9,56,9,7.96,IN,2020-05-08 04:30:43
215,Goldap,54.31,22.3,39.0,94,28,4.23,PL,2020-05-08 04:30:44
216,Sur,22.57,59.53,94.87,32,0,3.4,OM,2020-05-08 04:25:15
217,Bosaso,11.28,49.18,88.81,58,0,6.8,SO,2020-05-08 04:25:55
218,Vice,-5.42,-80.78,74.89,68,7,12.37,PE,2020-05-08 04:30:44
219,Pinheiro Machado,-31.58,-53.38,46.99,77,0,3.0,BR,2020-05-08 04:30:44
220,Aksu,41.12,80.26,69.64,23,91,10.83,CN,2020-05-08 04:27:36
221,Walvis Bay,-22.96,14.51,73.53,27,0,5.46,NA,2020-05-08 04:27:55
222,Iranshahr,27.2,60.68,89.6,24,84,6.33,IR,2020-05-08 04:30:45
223,Notre-Dame-Du-Lac,47.61,-68.8,41.0,35,1,5.82,CA,2020-05-08 04:30:45
224,Donskoye,45.46,41.97,51.8,93,75,8.95,RU,2020-05-08 04:30:45
225,San Andres,12.58,-81.7,82.4,83,40,11.41,CO,2020-05-08 04:25:50
226,Dom Pedrito,-30.98,-54.67,43.66,89,0,0.54,BR,2020-05-08 04:30:46
227,Dingle,11.0,122.67,94.6,46,98,7.2,PH,2020-05-08 04:25:33
228,Yabrud,33.97,36.66,51.8,87,0,6.67,SY,2020-05-08 04:30:46
229,Muros,42.78,-9.06,55.99,90,66,1.01,ES,2020-05-08 04:30:46
230,Camacha,33.08,-16.33,60.8,77,20,2.24,PT,2020-05-08 04:28:24
231,Lichinga,-13.31,35.24,53.6,93,20,11.41,MZ,2020-05-08 04:25:52
232,Imbituba,-28.24,-48.67,60.8,77,90,4.7,BR,2020-05-08 04:27:24
233,Qasigiannguit,68.82,-51.19,23.0,73,0,3.62,GL,2020-05-08 04:26:25
234,Marrakesh,31.63,-8.01,59.0,82,0,4.7,MA,2020-05-08 04:28:29
235,Verkh-Suetka,53.3,80.05,68.61,45,0,9.8,RU,2020-05-08 04:30:48
236,Lodwar,3.12,35.6,80.69,62,63,11.99,KE,2020-05-08 04:26:12
237,Mattru,7.62,-11.83,77.31,96,91,2.28,SL,2020-05-08 04:30:48
238,Hambantota,6.12,81.12,84.2,83,20,5.82,LK,2020-05-08 04:26:00
239,Tres Lagoas,-20.75,-51.68,56.77,94,3,4.27,BR,2020-05-08 04:28:46
240,Locri,38.24,16.26,60.01,66,0,5.82,IT,2020-05-08 04:28:24
241,Yanam,16.73,82.22,89.6,66,40,9.17,IN,2020-05-08 04:30:49
242,Vagay,57.94,69.02,73.31,34,0,5.3,RU,2020-05-08 04:30:49
243,Manavalakurichi,8.13,77.3,89.6,70,20,5.82,IN,2020-05-08 04:27:22
244,Tiznit,29.58,-9.5,58.93,77,9,2.33,MA,2020-05-08 04:25:24
245,Konosha,60.97,40.26,39.88,95,100,6.71,RU,2020-05-08 04:30:50
246,Teguise,29.06,-13.56,64.4,77,3,5.82,ES,2020-05-08 04:30:50
247,San Cristobal,7.77,-72.22,68.47,87,95,3.78,VE,2020-05-08 04:26:18
248,Wilmington,34.23,-77.94,50.0,81,1,3.69,US,2020-05-08 04:25:15
249,Namwala,-15.75,26.44,55.96,70,28,4.92,ZM,2020-05-08 04:30:51
250,Faya,18.39,42.45,68.0,77,26,3.27,SA,2020-05-08 04:26:58
251,Am Timan,11.03,20.28,81.64,59,67,5.5,TD,2020-05-08 04:30:51
252,Falun,60.6,15.63,39.2,69,62,4.7,SE,2020-05-08 04:30:51
253,Port Hawkesbury,45.62,-61.35,33.01,95,90,6.93,CA,2020-05-08 04:26:57
254,Nizwa,22.93,57.53,92.12,19,0,1.83,OM,2020-05-08 04:25:38
255,Tiruchchendur,8.48,78.12,89.6,59,40,4.7,IN,2020-05-08 04:30:51
256,Marystown,47.17,-55.15,33.28,96,100,14.81,CA,2020-05-08 04:30:52
257,Vilhena,-12.74,-60.15,57.92,78,100,4.63,BR,2020-05-08 04:30:52
258,Cassia,-20.58,-46.92,59.72,90,80,1.59,BR,2020-05-08 04:30:52
259,Kochevo,59.6,54.31,58.21,78,100,6.13,RU,2020-05-08 04:30:52
260,Bouza,14.42,6.04,80.69,15,13,8.59,NE,2020-05-08 04:30:52
261,Ripoll,42.2,2.19,51.01,1,80,2.95,ES,2020-05-08 04:30:53
262,Nantucket,41.28,-70.1,50.0,81,1,18.34,US,2020-05-08 04:25:42
263,Rodez,44.5,2.58,59.0,58,100,13.87,FR,2020-05-08 04:30:53
264,Calvinia,-31.47,19.78,58.08,33,99,3.58,ZA,2020-05-08 04:30:53
265,Matara,5.95,80.54,84.07,74,99,4.68,LK,2020-05-08 04:25:09
266,Salalah,17.02,54.09,84.2,79,20,2.24,OM,2020-05-08 04:26:16
267,Ust-Kulom,61.69,53.69,55.65,93,100,8.86,RU,2020-05-08 04:30:54
268,Havre-Saint-Pierre,50.23,-63.6,37.4,74,90,5.82,CA,2020-05-08 04:30:54
269,Nicolas Bravo,18.45,-88.92,73.02,96,75,2.17,MX,2020-05-08 04:30:54
270,Filadelfia,39.95,-75.16,59.0,44,90,9.17,US,2020-05-08 04:27:49
271,Beloha,-25.17,45.05,63.52,93,6,6.33,MG,2020-05-08 04:26:28
272,Cockburn Town,21.46,-71.14,80.8,81,48,8.55,TC,2020-05-08 04:23:45
273,Hvolsvollur,63.75,-20.22,27.0,90,36,10.2,IS,2020-05-08 04:30:55
274,Esperantina,-3.9,-42.23,72.61,95,0,1.14,BR,2020-05-08 04:30:55
275,Ourinhos,-22.98,-49.87,51.04,90,0,6.31,BR,2020-05-08 04:30:55
276,Wattegama,6.8,81.48,84.2,83,20,5.82,LK,2020-05-08 04:26:54
277,Nadezhda,44.1,44.6,60.49,81,93,10.33,RU,2020-05-08 04:30:55
278,Sanandaj,35.31,46.99,53.6,66,20,4.7,IR,2020-05-08 04:30:56
279,Montoro,38.02,-4.38,63.0,82,0,2.08,ES,2020-05-08 04:30:56
280,Morros,-9.45,-46.3,73.94,78,93,0.56,BR,2020-05-08 04:30:56
281,Qandala,11.47,49.87,89.22,57,6,5.08,SO,2020-05-08 04:30:56
282,Taoudenni,22.68,-3.98,97.54,17,94,16.73,ML,2020-05-08 04:25:19
283,Frutal,-20.02,-48.94,58.44,94,69,6.91,BR,2020-05-08 04:30:57
284,Fuerte Olimpo,-21.04,-57.87,50.32,56,0,4.45,PY,2020-05-08 04:30:57
285,Damietta,31.42,31.81,64.4,77,12,6.93,EG,2020-05-08 04:30:57
286,Kruisfontein,-34.0,24.73,58.46,65,98,7.05,ZA,2020-05-08 04:25:44
287,Snasa,64.25,12.38,35.91,89,100,5.37,NO,2020-05-08 04:30:57
288,San Borja,-14.82,-66.85,59.23,74,83,3.02,BO,2020-05-08 04:30:58
289,Turbat,26.0,63.04,88.77,36,59,2.89,PK,2020-05-08 04:27:57
290,Gairatganj,23.42,78.24,100.08,9,0,6.06,IN,2020-05-08 04:30:58
291,Lahij,13.17,44.58,82.38,64,70,7.31,YE,2020-05-08 04:30:58
292,Gao,16.64,1.64,80.6,12,0,8.72,ML,2020-05-08 04:26:28
293,Tara,56.89,74.37,74.39,28,0,5.99,RU,2020-05-08 04:30:58
294,Tazovskiy,67.47,78.7,34.75,100,81,12.35,RU,2020-05-08 04:25:43
295,Barela,23.1,80.05,104.23,13,0,9.33,IN,2020-05-08 04:30:59
296,Bloemfontein,-29.12,26.21,39.2,93,79,1.63,ZA,2020-05-08 04:30:32
297,Ponta Delgada,37.73,-25.67,59.0,82,20,10.29,PT,2020-05-08 04:25:54
298,Tokmak,47.25,35.71,51.49,72,100,3.98,UA,2020-05-08 04:30:59
299,Port Saint Lucie,27.29,-80.35,69.01,53,48,1.01,US,2020-05-08 04:31:00
300,Vytegra,61.01,36.45,42.57,76,100,1.59,RU,2020-05-08 04:31:00
301,Vardo,70.37,31.11,37.4,79,40,19.46,NO,2020-05-08 04:25:30
302,Ostrovnoy,68.05,39.51,35.33,86,42,10.63,RU,2020-05-08 04:21:03
303,Halden,59.12,11.39,43.0,87,84,4.7,NO,2020-05-08 04:31:00
304,Sao Jose Da Coroa Grande,-8.9,-35.15,77.49,82,93,4.25,BR,2020-05-08 04:26:14
305,Olafsvik,64.89,-23.71,35.91,82,30,16.31,IS,2020-05-08 04:25:19
306,Mercedes,-34.65,-59.43,50.0,78,9,1.99,AR,2020-05-08 04:27:54
307,Moyale,3.52,39.06,68.74,92,55,7.9,KE,2020-05-08 04:31:01
308,Eydhafushi,5.1,73.07,85.05,70,100,6.55,MV,2020-05-08 04:27:27
309,Lubao,14.92,120.55,96.8,50,40,4.7,PH,2020-05-08 04:31:01
310,Mandiana,10.63,-8.68,80.01,71,29,6.6,GN,2020-05-08 04:31:02
311,Aleksandrov Gay,50.15,48.57,70.0,52,99,9.13,RU,2020-05-08 04:31:02
312,Tammisaari,59.97,23.43,35.01,78,7,1.01,FI,2020-05-08 04:31:02
313,Ushtobe,45.25,77.98,69.21,24,3,6.73,KZ,2020-05-08 04:25:58
314,Ginda,30.69,78.49,71.94,30,1,5.06,IN,2020-05-08 04:31:02
315,Vieques,18.43,-65.83,82.4,69,1,9.4,PR,2020-05-08 04:31:03
316,Barentu,15.11,37.59,82.35,47,99,2.93,ER,2020-05-08 04:31:03
317,Buchanan,5.88,-10.05,80.11,86,87,3.94,LR,2020-05-08 04:26:39
318,Lithakia,37.72,20.83,53.6,81,0,7.02,GR,2020-05-08 04:26:12
319,Ostersund,63.18,14.64,37.4,55,100,9.17,SE,2020-05-08 04:25:48
320,Belmonte,-15.86,-38.88,73.4,88,90,4.7,BR,2020-05-08 04:26:50
321,Kamenka,51.32,42.77,57.99,88,100,8.01,RU,2020-05-08 04:31:04
322,Liepaja,56.54,21.04,39.2,86,25,4.7,LV,2020-05-08 04:27:42
323,Coihaique,-45.58,-72.07,55.4,93,20,4.7,CL,2020-05-08 04:26:27
324,Selizharovo,56.85,33.45,41.97,78,51,7.45,RU,2020-05-08 04:31:04
325,Kjollefjord,70.95,27.35,37.4,74,75,13.87,NO,2020-05-08 04:31:04
326,Tashara,55.52,83.51,59.02,52,44,4.23,RU,2020-05-08 04:26:14
327,Kargasok,59.06,80.86,62.17,52,66,6.6,RU,2020-05-08 04:26:39
328,Aqtobe,50.28,57.21,64.4,34,0,11.18,KZ,2020-05-08 04:29:03
329,Peru,40.75,-86.07,54.0,62,40,6.93,US,2020-05-08 04:31:05
330,Dzaoudzi,-12.79,45.27,84.2,79,75,17.22,YT,2020-05-08 04:26:13
331,Collierville,35.04,-89.66,63.0,59,90,4.7,US,2020-05-08 04:31:06
332,Sambava,-14.27,50.17,75.02,82,0,6.76,MG,2020-05-08 04:28:16
333,Bubaque,11.28,-15.83,78.33,72,2,13.09,GW,2020-05-08 04:26:59
334,Liverpool,53.41,-2.98,51.8,87,98,2.24,GB,2020-05-08 04:31:06
335,Vila Franca Do Campo,37.72,-25.43,59.0,82,20,10.29,PT,2020-05-08 04:25:19
336,Marawi,8.0,124.29,86.0,83,9,8.01,PH,2020-05-08 04:26:31
337,Drezdenko,52.84,15.83,47.21,86,93,4.05,PL,2020-05-08 04:31:07
338,Alampur,15.88,78.15,99.46,25,96,5.53,IN,2020-05-08 04:31:07
339,Mehamn,71.04,27.85,35.6,92,75,23.04,NO,2020-05-08 04:25:47
340,Porto Belo,-27.16,-48.55,59.0,84,43,6.67,BR,2020-05-08 04:31:07
341,Victoria,22.29,114.16,89.01,86,93,1.99,HK,2020-05-08 04:23:25
342,Veraval,20.9,70.37,87.66,58,0,11.18,IN,2020-05-08 04:25:04
343,Mwense,-10.38,28.7,63.54,77,41,5.86,ZM,2020-05-08 04:31:08
344,Pridonskoy,51.68,39.07,51.8,76,100,6.71,RU,2020-05-08 04:31:08
345,Lukovetskiy,64.3,41.92,42.8,70,90,4.47,RU,2020-05-08 04:31:08
346,Henties Bay,-22.12,14.28,71.2,36,0,4.03,NA,2020-05-08 04:26:10
347,Pontes E Lacerda,-15.23,-59.34,58.6,57,59,5.82,BR,2020-05-08 04:31:09
348,Velsk,61.07,42.1,42.71,91,100,5.93,RU,2020-05-08 04:31:09
349,Kalmar,56.66,16.36,46.0,87,100,6.93,SE,2020-05-08 04:26:01
350,Harper,4.38,-7.72,79.84,85,100,5.32,LR,2020-05-08 04:25:45
351,Briancon,44.9,6.65,61.0,63,100,1.61,FR,2020-05-08 04:31:09
352,Lagoa,39.05,-27.98,61.0,70,10,25.48,PT,2020-05-08 04:25:56
353,Lucapa,-8.42,20.74,65.1,82,100,3.18,AO,2020-05-08 04:31:10
354,Kapuskasing,49.42,-82.43,23.0,79,90,9.17,CA,2020-05-08 04:31:10
355,Umba,66.69,34.34,37.54,80,0,6.22,RU,2020-05-08 04:31:10
356,Mansa,29.98,75.38,97.77,15,0,4.74,IN,2020-05-08 04:31:10
357,Gamba,-2.65,10.0,77.52,90,37,3.29,GA,2020-05-08 04:31:10
358,Pervomayskoye,43.92,46.71,56.62,90,100,10.65,RU,2020-05-08 04:31:11
359,Brcko,44.87,18.81,48.0,75,0,5.82,BA,2020-05-08 04:31:11
360,Yining,29.04,114.56,82.85,82,97,3.71,CN,2020-05-08 04:31:11
361,Prado,-17.34,-39.22,73.31,90,100,12.53,BR,2020-05-08 04:25:24
362,Meybod,32.25,54.02,71.6,24,0,6.93,IR,2020-05-08 04:31:12
363,Teya,60.38,92.63,46.76,56,66,5.79,RU,2020-05-08 04:31:12
364,Murdochville,48.96,-65.5,24.96,97,100,3.67,CA,2020-05-08 04:31:12
365,Abbeville,50.1,1.83,48.2,87,72,2.24,FR,2020-05-08 04:31:12
366,Seoni,22.08,79.53,101.53,18,0,14.25,IN,2020-05-08 04:31:12
367,Gunjur,13.2,-16.73,71.6,88,94,11.41,GM,2020-05-08 04:31:12
368,Villazon,-22.09,-65.59,44.04,78,0,0.83,BO,2020-05-08 04:31:13
369,Okha,53.57,142.95,39.96,70,100,14.85,RU,2020-05-08 04:31:13
370,Qunduz,36.73,68.86,83.8,32,93,3.42,AF,2020-05-08 04:31:13
371,Golden Gate,26.19,-81.7,69.8,64,1,14.99,US,2020-05-08 04:31:13
372,Mtwara,-10.27,40.18,71.6,88,20,20.8,TZ,2020-05-08 04:31:13
373,Bonthe,7.53,-12.51,79.3,90,96,4.74,SL,2020-05-08 04:27:21
374,Chicama,-7.84,-79.15,72.57,72,33,5.44,PE,2020-05-08 04:25:27
375,Yarada,17.65,83.27,91.4,63,20,9.17,IN,2020-05-08 04:31:14
376,Martinopolis,-22.15,-51.17,60.8,59,0,11.41,BR,2020-05-08 04:27:44
377,Hearst,49.68,-83.67,16.21,96,38,5.23,CA,2020-05-08 04:31:14
378,Nuuk,64.18,-51.72,39.2,76,90,1.12,GL,2020-05-08 04:27:28
379,Ereymentau,51.62,73.1,66.04,38,82,14.32,KZ,2020-05-08 04:31:15
380,Carnarvon,-24.87,113.63,72.32,39,73,21.85,AU,2020-05-08 04:26:42
381,Turayf,31.67,38.66,60.8,36,0,6.93,SA,2020-05-08 04:27:52
382,Pimentel,-6.84,-79.93,69.49,82,3,12.24,PE,2020-05-08 04:26:51
383,Kaina,12.64,8.59,84.2,23,48,2.24,NG,2020-05-08 04:31:16
384,Beckley,37.78,-81.19,50.0,53,1,6.93,US,2020-05-08 04:31:16
385,Kiruna,67.86,20.23,24.8,73,94,6.93,SE,2020-05-08 04:31:16
386,Viedma,-40.81,-63.0,57.11,47,30,12.35,AR,2020-05-08 04:25:38
387,Rubtsovsk,51.5,81.25,69.49,44,0,16.24,RU,2020-05-08 04:31:16
388,Pucara,-15.98,-71.46,39.52,66,100,1.9,PE,2020-05-08 04:31:17
389,Grong,64.47,12.31,34.52,91,100,3.49,NO,2020-05-08 04:31:17
390,Tramagal,39.45,-8.25,60.01,94,0,1.74,PT,2020-05-08 04:31:17
391,Porbandar,21.64,69.61,86.68,60,0,7.47,IN,2020-05-08 04:25:01
392,Wad Madani,14.4,33.52,85.1,13,32,2.37,SD,2020-05-08 04:31:18
393,Verkhneye Dubrovo,56.75,61.05,68.0,32,56,6.71,RU,2020-05-08 04:31:18
394,Ibra,22.69,58.53,91.87,25,0,3.74,OM,2020-05-08 04:22:24
395,Gazanjyk,39.24,55.52,68.9,55,75,22.3,TM,2020-05-08 04:31:18
396,Mwanza,-2.52,32.9,69.8,68,20,11.41,TZ,2020-05-08 04:31:18
397,Tromso,69.65,18.96,30.2,92,75,9.17,NO,2020-05-08 04:26:15
398,Sistranda,63.73,8.83,41.0,93,75,13.87,NO,2020-05-08 04:27:11
399,Joshimath,30.57,79.57,63.61,29,0,1.83,IN,2020-05-08 04:26:53
400,Kajaani,64.23,27.73,33.8,59,73,6.93,FI,2020-05-08 04:31:19
401,Bomet,-0.78,35.34,59.74,85,92,7.4,KE,2020-05-08 04:31:19
402,Sorland,67.67,12.69,32.0,83,75,2.24,NO,2020-05-08 04:26:03
403,Nayudupeta,13.9,79.9,91.4,55,20,5.82,IN,2020-05-08 04:31:20
404,Praia,14.92,-23.51,71.6,73,20,14.99,CV,2020-05-08 04:26:48
405,Tulum,20.22,-87.47,81.0,80,35,7.0,MX,2020-05-08 04:28:44
406,Bad Wildbad,48.75,8.55,50.0,93,98,2.24,DE,2020-05-08 04:31:20
407,Yashkul,46.17,45.34,62.01,76,100,14.56,RU,2020-05-08 04:31:21
408,Luebo,-5.35,21.42,69.93,97,87,0.65,CD,2020-05-08 04:31:21
409,Kant,27.8,79.8,96.06,21,0,2.21,IN,2020-05-08 04:31:21
410,Matucana,-11.85,-76.4,60.08,53,100,7.07,PE,2020-05-08 04:31:21
411,Mecca,21.43,39.83,86.76,24,0,2.04,SA,2020-05-08 04:26:03
412,Korla,41.76,86.15,67.14,22,60,11.16,CN,2020-05-08 04:28:28
413,Kudahuvadhoo,2.67,72.89,85.41,73,5,13.24,MV,2020-05-08 04:26:36
414,Behbahan,30.6,50.24,80.6,26,0,9.17,IR,2020-05-08 04:29:25
415,Kachhwa,25.22,82.72,93.2,41,0,8.3,IN,2020-05-08 04:31:22
416,Zvishavane,-20.33,30.07,54.81,90,17,3.49,ZW,2020-05-08 04:31:22
417,Ozinki,51.18,49.68,65.8,51,69,13.24,RU,2020-05-08 04:31:23
418,Iisalmi,63.56,27.19,35.6,69,47,2.24,FI,2020-05-08 04:28:03
419,Plettenberg Bay,-34.05,23.37,61.45,69,70,5.26,ZA,2020-05-08 04:28:13
420,Rawson,-43.3,-65.1,65.75,44,100,13.98,AR,2020-05-08 04:25:43
421,Komatipoort,-25.43,31.95,62.01,93,8,1.7,ZA,2020-05-08 04:28:33
422,Pemba,-12.97,40.52,69.8,94,20,9.17,MZ,2020-05-08 04:31:23
423,Laguna,38.42,-121.42,77.0,36,1,4.7,US,2020-05-08 04:25:28
424,Royan,45.63,-1.03,62.6,77,99,10.29,FR,2020-05-08 04:31:24
425,Tonantins,-2.87,-67.8,73.99,98,86,1.9,BR,2020-05-08 04:31:24
426,Kralendijk,12.15,-68.27,82.4,78,100,20.8,BQ,2020-05-08 04:27:53
427,Puerto Del Rosario,28.5,-13.86,64.4,77,4,8.05,ES,2020-05-08 04:26:35
428,Oskemen,49.96,82.61,69.8,46,0,4.47,KZ,2020-05-08 04:31:24
429,Moron,-34.65,-58.62,55.0,100,35,6.17,AR,2020-05-08 04:31:25
430,Vestmanna,62.16,-7.17,44.6,87,98,10.29,FO,2020-05-08 04:31:25
431,Bud,39.45,-86.18,55.99,64,57,6.87,US,2020-05-08 04:28:11
432,Geraldton,-28.77,114.6,71.6,53,40,10.29,AU,2020-05-08 04:25:20
433,Axim,4.87,-2.24,80.42,85,7,5.73,GH,2020-05-08 04:31:26
434,Sao Joao Da Barra,-21.64,-41.05,65.73,91,100,12.15,BR,2020-05-08 04:25:35
435,Pitimbu,-7.47,-34.81,75.2,94,98,4.7,BR,2020-05-08 04:31:26
436,Bani Walid,31.76,13.99,60.55,82,10,7.23,LY,2020-05-08 04:31:26
437,Balkhash,46.84,74.98,71.6,14,68,26.84,KZ,2020-05-08 04:31:26
438,Saint-Denis,48.92,2.33,54.0,81,70,1.12,FR,2020-05-08 04:31:27
439,Narsimhapur,22.95,79.2,104.02,11,0,8.43,IN,2020-05-08 04:31:27
440,Abu Dhabi,24.47,54.37,86.0,55,37,9.17,AE,2020-05-08 04:20:03
441,Coleraine,55.13,-6.67,53.01,100,90,4.7,GB,2020-05-08 04:31:27
442,Mizdah,31.45,12.98,59.63,83,4,16.11,LY,2020-05-08 04:27:36
443,Goderich,43.75,-81.72,37.99,75,0,18.25,CA,2020-05-08 04:26:36
444,Aljezur,37.32,-8.8,61.0,97,2,3.0,PT,2020-05-08 04:26:41
445,Mayor Pablo Lagerenza,-19.93,-60.77,52.95,49,0,4.16,PY,2020-05-08 04:26:04
446,Urumqi,43.8,87.6,68.0,18,0,8.95,CN,2020-05-08 04:23:47
447,Phuthaditjhaba,-28.52,28.82,46.92,54,1,1.43,ZA,2020-05-08 04:31:28
448,Gouyave,12.16,-61.73,80.6,88,20,14.99,GD,2020-05-08 04:26:42
449,Prainha,-1.8,-53.48,74.07,97,100,2.57,BR,2020-05-08 04:31:29
450,Abensberg,48.82,11.85,44.01,93,100,1.12,DE,2020-05-08 04:30:28
451,Saint-Honore,48.53,-71.08,36.0,80,75,16.11,CA,2020-05-08 04:31:29
452,Hirson,49.92,4.08,50.0,66,82,1.12,FR,2020-05-08 04:31:29
453,Mbengwi,6.02,10.0,65.97,87,97,2.33,CM,2020-05-08 04:31:30
454,Nouadhibou,20.93,-17.03,64.4,82,0,20.8,MR,2020-05-08 04:22:03
455,Westport,41.14,-73.36,55.99,52,96,11.25,US,2020-05-08 04:25:50
456,Apatou,5.16,-54.35,72.32,97,81,1.88,GF,2020-05-08 04:31:30
457,Gloucester,51.87,-2.24,54.0,91,97,2.71,GB,2020-05-08 04:29:17
458,El Molino,10.65,-72.92,76.78,79,99,2.53,CO,2020-05-08 04:31:30
459,Port-Gentil,-0.72,8.78,81.91,81,71,7.07,GA,2020-05-08 04:26:18
460,Ponazyrevo,58.36,46.31,57.15,87,100,7.14,RU,2020-05-08 04:31:31
461,Stornoway,58.21,-6.39,48.99,93,100,2.24,GB,2020-05-08 04:25:25
462,Jalu,29.03,21.55,68.04,48,0,12.75,LY,2020-05-08 04:25:57
463,Lewisporte,49.25,-55.05,35.01,100,90,12.75,CA,2020-05-08 04:31:32
464,Vuktyl,63.86,57.31,57.45,78,100,12.66,RU,2020-05-08 04:31:32
465,Chateaudun,48.08,1.33,48.2,81,89,5.82,FR,2020-05-08 04:31:32
466,Celica,-4.12,-79.95,58.84,100,87,0.89,EC,2020-05-08 04:31:32
467,Omboue,-1.57,9.26,77.94,90,99,3.71,GA,2020-05-08 04:28:17
468,Keighley,53.87,-1.91,51.01,87,77,3.6,GB,2020-05-08 04:30:08
469,Porto Seguro,-16.45,-39.06,73.4,88,90,4.7,BR,2020-05-08 04:29:01
470,Luanda,-8.84,13.23,76.23,90,32,6.93,AO,2020-05-08 04:23:26
471,Lilongwe,-13.97,33.79,59.18,75,64,5.39,MW,2020-05-08 04:31:33
472,Krutinka,56.01,71.51,66.25,37,0,4.5,RU,2020-05-08 04:31:33
473,Lebu,-37.62,-73.65,56.97,84,100,5.1,CL,2020-05-08 04:25:07
474,Qeshm,26.96,56.27,84.2,66,37,2.24,IR,2020-05-08 04:31:33
475,Natal,-5.79,-35.21,73.4,100,20,4.7,BR,2020-05-08 04:26:54
476,Caravelas,-17.71,-39.25,72.46,92,100,13.71,BR,2020-05-08 04:25:57
477,Carauari,-4.88,-66.9,73.04,94,92,2.93,BR,2020-05-08 04:27:14
478,Eskisehir,39.78,30.52,37.4,100,62,3.36,TR,2020-05-08 04:28:02
479,Schoten,51.25,4.5,51.01,71,100,2.24,BE,2020-05-08 04:26:44
480,Cap Malheureux,-19.98,57.61,77.0,87,100,1.99,MU,2020-05-08 04:26:09
481,The Valley,18.22,-63.06,80.6,83,20,13.87,AI,2020-05-08 04:26:57
482,Bara,10.37,10.73,80.38,75,43,13.6,NG,2020-05-08 04:26:58
483,Puerto Maldonado,-12.6,-69.18,61.34,65,90,1.77,PE,2020-05-08 04:31:35
484,Burgeo,47.62,-57.62,34.3,95,100,13.27,CA,2020-05-08 04:27:49
485,Rincon,32.3,-81.24,53.6,76,1,3.09,US,2020-05-08 04:31:35
486,Moba,33.23,105.02,58.69,52,48,7.96,CN,2020-05-08 04:31:36
487,Kalmunai,7.42,81.82,85.55,68,47,0.63,LK,2020-05-08 04:26:55
488,Kot Addu,30.47,70.97,84.2,48,14,4.7,PK,2020-05-08 04:31:36
489,Sontra,51.07,9.93,45.0,84,100,1.3,DE,2020-05-08 04:31:36
490,Florianopolis,-27.61,-48.5,63.0,77,65,4.7,BR,2020-05-08 04:24:13
491,Curuca,-0.73,-47.85,75.56,95,92,3.47,BR,2020-05-08 04:31:37
492,Kucevo,44.48,21.67,45.0,79,4,4.63,RS,2020-05-08 04:31:37
493,Santa Maria,-29.68,-53.81,44.6,100,0,1.39,BR,2020-05-08 04:31:38
494,Grand Gaube,-20.01,57.66,77.0,87,100,1.99,MU,2020-05-08 04:25:25
495,Iracoubo,5.48,-53.2,78.53,82,100,10.78,GF,2020-05-08 04:26:15
496,Namibe,-15.2,12.15,78.66,58,0,7.2,AO,2020-05-08 04:25:58
497,Road Town,18.42,-64.62,81.0,88,59,1.01,VG,2020-05-08 04:31:38
498,Riyadh,24.69,46.72,75.2,33,27,3.36,SA,2020-05-08 04:25:07
499,Inhambane,-23.86,35.38,66.2,88,20,7.9,MZ,2020-05-08 04:26:08
500,Valparaiso,-33.04,-71.63,55.4,87,90,3.83,CL,2020-05-08 04:26:20
501,Itaueira,-7.6,-43.03,72.86,90,100,2.75,BR,2020-05-08 04:31:39
502,Kumba,4.64,9.45,72.64,94,87,1.7,CM,2020-05-08 04:31:39
503,Melfi,41.0,15.65,44.6,81,5,9.17,IT,2020-05-08 04:31:40
504,Ilek,51.53,53.38,66.92,40,23,14.03,RU,2020-05-08 04:31:40
505,Mahendranagar,28.92,80.33,92.17,25,0,1.43,NP,2020-05-08 04:31:40
506,Lubango,-14.92,13.49,53.73,49,0,5.66,AO,2020-05-08 04:31:40
507,Teknaf,20.86,92.31,91.08,42,0,8.7,BD,2020-05-08 04:26:50
508,Kabalo,-6.05,26.92,68.72,95,98,4.5,CD,2020-05-08 04:25:31
509,Blagoyevo,63.37,47.92,41.27,92,100,9.28,RU,2020-05-08 04:31:41
510,Bengkulu,-3.8,102.27,84.06,72,73,10.38,ID,2020-05-08 04:28:39
511,Palora,-1.7,-77.93,66.49,94,98,1.48,EC,2020-05-08 04:31:41
512,Havelock,34.88,-76.9,53.01,81,1,3.36,US,2020-05-08 04:26:23
513,Sembe,1.65,14.58,70.7,93,21,1.39,CG,2020-05-08 04:31:41
514,Pozo Colorado,-23.49,-58.8,47.28,60,0,3.89,PY,2020-05-08 04:31:42
515,Cervo,43.67,-7.41,55.0,100,66,5.01,ES,2020-05-08 04:31:42
516,Cravo Norte,6.3,-70.2,77.16,88,100,2.55,CO,2020-05-08 04:31:42
517,Kautokeino,69.01,23.04,26.76,96,99,3.98,NO,2020-05-08 04:31:42
518,Ondjiva,-17.07,15.73,55.63,48,0,6.06,AO,2020-05-08 04:31:43
519,Valencia,39.33,-0.83,64.4,82,40,1.12,ES,2020-05-08 04:31:43
520,Dhidhdhoo,6.88,73.1,84.4,71,100,5.75,MV,2020-05-08 04:25:41
521,Thompson,55.74,-97.86,26.6,73,75,5.82,CA,2020-05-08 04:28:35
522,Umm Lajj,25.02,37.27,80.06,41,56,7.61,SA,2020-05-08 04:30:48
523,Vieux Fort,13.72,-60.95,79.0,76,100,5.01,LC,2020-05-08 04:31:44
524,Mollendo,-17.02,-72.01,65.7,81,44,3.36,PE,2020-05-08 04:31:44
525,Camana,-16.62,-72.71,66.83,78,59,4.45,PE,2020-05-08 04:31:44
526,Kambam,5.25,96.86,77.52,90,100,6.93,ID,2020-05-08 04:31:44
527,Takoradi,4.88,-1.76,80.02,86,18,6.15,GH,2020-05-08 04:31:44
528,Florence,43.77,11.25,51.01,93,1,1.12,IT,2020-05-08 04:30:23
529,Millau,44.08,2.92,61.0,58,100,13.87,FR,2020-05-08 04:31:45
530,Allapalli,19.42,80.07,102.47,29,0,6.76,IN,2020-05-08 04:31:45
531,Parfino,57.97,31.65,43.14,65,0,4.79,RU,2020-05-08 04:31:45
532,Chapadinha,-3.74,-43.36,72.68,98,48,1.36,BR,2020-05-08 04:31:45
533,Alpena,45.06,-83.43,30.99,63,1,4.7,US,2020-05-08 04:28:34
534,Hualmay,-11.1,-77.61,69.31,77,83,6.22,PE,2020-05-08 04:28:07
535,Shirwal,18.13,73.98,93.02,16,0,6.76,IN,2020-05-08 04:26:13
536,Verkhniy Uslon,55.77,48.98,62.6,63,99,6.71,RU,2020-05-08 04:31:46
537,Mongu,-15.25,23.13,57.7,66,0,5.86,ZM,2020-05-08 04:31:46
538,Groa,62.65,8.72,41.0,86,97,24.16,NO,2020-05-08 04:31:46
539,Amherst,41.4,-82.22,48.0,83,90,4.7,US,2020-05-08 04:31:46
540,Corrente,-3.74,-43.34,72.73,98,49,1.34,BR,2020-05-08 04:31:47
541,Bridge Of Earn,56.35,-3.41,53.01,86,30,1.01,GB,2020-05-08 04:31:47
542,Whithorn,18.26,-78.04,78.8,78,20,4.7,JM,2020-05-08 04:31:47
543,Saint Anthony,45.02,-93.22,48.2,24,1,12.75,US,2020-05-08 04:24:34
544,Anuradhapura,8.36,80.42,88.92,59,47,5.12,LK,2020-05-08 04:31:48
545,Dudinka,69.41,86.18,35.6,80,75,26.84,RU,2020-05-08 04:26:47
546,Dolores,-36.31,-57.68,45.48,75,40,7.61,AR,2020-05-08 04:31:48
547,Karasjok,69.47,25.51,35.6,64,50,28.86,NO,2020-05-08 04:31:48
548,Neyshabur,36.21,58.8,69.73,24,0,5.79,IR,2020-05-08 04:31:48
549,Puerto Baquerizo Moreno,-0.9,-89.6,76.32,92,4,8.86,EC,2020-05-08 04:27:42
550,Mahajanga,-15.72,46.32,75.2,94,20,2.24,MG,2020-05-08 04:31:49
551,Honningsvag,70.98,25.97,37.4,74,75,13.87,NO,2020-05-08 04:27:21
552,Oranjestad,12.52,-70.03,82.4,78,75,21.92,AW,2020-05-08 04:31:49
553,Hammerfest,70.66,23.68,32.0,89,40,23.04,NO,2020-05-08 04:31:50
554,Benguela,-12.58,13.41,76.87,69,1,2.57,AO,2020-05-08 04:26:33
555,Holme,56.11,10.17,42.01,93,7,5.82,DK,2020-05-08 04:31:50
556,Dobryanka,58.46,56.42,73.4,28,95,8.95,RU,2020-05-08 04:31:50
557,Pedro Carbo,-1.83,-80.23,82.4,69,75,8.05,EC,2020-05-08 04:31:50
558,Treinta Y Tres,-33.23,-54.38,45.0,88,8,6.35,UY,2020-05-08 04:31:51
559,Dubreka,9.79,-13.52,80.13,83,24,2.68,GN,2020-05-08 04:31:51
560,San Rafael,-34.62,-68.33,55.22,45,92,10.54,AR,2020-05-08 04:31:51
561,Dakar,14.69,-17.44,69.8,88,38,21.92,SN,2020-05-08 04:28:37
562,Ipixuna,-1.76,-48.8,78.8,94,40,3.36,BR,2020-05-08 04:26:10
563,Charlestown,-32.95,151.67,81.0,42,0,7.0,AU,2020-05-08 04:31:51
564,Arlit,18.74,7.39,80.04,13,0,8.95,NE,2020-05-08 04:25:56
565,Tabas,33.6,56.92,78.8,22,0,6.93,IR,2020-05-08 04:31:52
566,Puerto Madryn,-42.77,-65.04,66.24,45,100,12.71,AR,2020-05-08 04:27:15
567,Zwedru,6.07,-8.13,73.51,98,56,1.3,LR,2020-05-08 04:31:52
568,Rio Cuarto,-33.13,-64.35,46.4,75,0,4.7,AR,2020-05-08 04:31:52
569,Sinnamary,5.38,-52.95,78.17,83,99,10.29,GF,2020-05-08 04:25:27
570,Mufumbwe,-13.68,24.8,58.05,61,97,7.0,ZM,2020-05-08 04:31:53
571,Benin,9.5,2.25,77.43,83,17,6.8,BJ,2020-05-08 04:31:53
572,Camacupa,-12.02,17.48,54.12,81,6,5.06,AO,2020-05-08 04:31:53
573,Yar-Sale,66.83,70.83,40.33,99,99,16.4,RU,2020-05-08 04:27:51
574,Kamina,-8.74,24.99,62.47,89,24,4.07,CD,2020-05-08 04:31:53
575,Butterworth,5.4,100.36,89.6,84,40,3.36,MY,2020-05-08 04:31:53
576,Cape Town,-33.93,18.42,64.0,93,28,6.93,ZA,2020-05-08 04:55:49
577,Touros,-5.2,-35.46,73.4,100,20,4.7,BR,2020-05-08 04:52:55
578,Codrington,-38.27,141.97,62.01,63,46,12.33,AU,2020-05-08 04:55:50
579,Itarema,-2.92,-39.92,76.33,89,1,5.95,BR,2020-05-08 04:55:34
580,Ponta Do Sol,32.67,-17.1,60.8,77,20,4.7,PT,2020-05-08 04:55:51
581,Brae,60.4,-1.35,42.8,87,95,5.82,GB,2020-05-08 04:55:51
582,Bam,29.11,58.36,81.93,15,0,14.0,IR,2020-05-08 04:55:51
583,Torbay,47.67,-52.73,34.0,100,90,21.92,CA,2020-05-08 04:55:51
584,Warrington,53.39,-2.58,52.0,81,99,2.24,GB,2020-05-08 04:55:51
585,Baglung,28.27,83.59,78.67,26,0,4.88,NP,2020-05-08 04:55:52
586,Jamestown,42.1,-79.24,41.0,52,75,9.17,US,2020-05-08 04:55:52
587,Tsaratanana,-16.78,47.65,76.08,64,4,7.09,MG,2020-05-08 04:55:52
588,Zhanaozen,43.3,52.8,60.76,79,99,6.73,KZ,2020-05-08 04:55:52
589,Bikaner,28.02,73.3,101.95,16,0,9.04,IN,2020-05-08 04:55:53
590,Kedrovyy,56.17,91.82,48.2,56,40,13.42,RU,2020-05-08 04:55:53
591,Magadi,12.97,77.23,91.0,62,40,4.7,IN,2020-05-08 04:55:53
592,Abha,18.22,42.51,68.0,77,27,4.88,SA,2020-05-08 04:55:53
593,Havoysund,71.0,24.66,37.4,74,75,13.87,NO,2020-05-08 04:55:54
594,Hithadhoo,-0.6,73.08,84.85,78,83,14.14,MV,2020-05-08 04:55:54
595,Riachao Do Dantas,-11.07,-37.73,72.43,97,100,0.63,BR,2020-05-08 04:55:54
596,Sao Luis Do Quitunde,-9.32,-35.56,73.4,94,100,2.24,BR,2020-05-08 04:55:54
597,Soyo,-6.13,12.37,78.48,90,59,3.94,AO,2020-05-08 04:55:54
598,Hun,29.13,15.95,63.64,80,1,7.99,LY,2020-05-08 04:55:55
599,Lovozero,68.0,35.01,35.91,93,89,4.94,RU,2020-05-08 04:55:55
600,Bure,10.7,37.07,67.24,62,92,4.05,ET,2020-05-08 04:55:55
601,Kabinda,-6.13,24.48,68.56,91,57,4.12,CD,2020-05-08 04:55:55
602,Tutoia,-2.76,-42.27,76.69,87,5,3.58,BR,2020-05-08 04:55:55
603,Arraial Do Cabo,-22.97,-42.03,69.35,75,71,11.86,BR,2020-05-08 04:52:29
604,Port Elizabeth,-33.92,25.57,60.8,100,75,19.46,ZA,2020-05-08 04:55:56
605,Kouango,4.99,19.96,72.52,97,100,2.77,CF,2020-05-08 04:55:56
606,Dikson,73.51,80.55,25.68,98,100,27.87,RU,2020-05-08 04:55:56
607,Margate,51.38,1.39,55.0,58,84,1.01,GB,2020-05-08 04:55:56
608,Punta Arenas,-53.15,-70.92,37.4,100,90,6.04,CL,2020-05-08 04:55:57
609,Upernavik,72.79,-56.15,15.53,93,19,6.11,GL,2020-05-08 04:53:52
610,East London,-33.02,27.91,60.8,87,90,5.82,ZA,2020-05-08 04:54:20
611,Qaanaaq,77.48,-69.36,13.17,93,100,4.72,GL,2020-05-08 04:55:57
612,Manaure,11.78,-72.44,80.11,83,98,8.55,CO,2020-05-08 04:55:57
613,Hukuntsi,-24.0,21.75,55.74,59,0,8.95,BW,2020-05-08 04:55:57
614,Bandarbeyla,9.49,50.81,84.22,67,5,5.08,SO,2020-05-08 04:55:58
615,Albany,42.6,-73.97,46.0,60,67,9.53,US,2020-05-08 04:53:49
616,Ushuaia,-54.8,-68.3,46.4,75,40,3.69,AR,2020-05-08 04:55:58
617,Doesburg,52.01,6.14,46.99,86,90,1.12,NL,2020-05-08 04:55:58
618,Borgarnes,64.54,-21.92,35.6,69,20,10.22,IS,2020-05-08 04:55:58
619,Bambous Virieux,-20.34,57.76,79.0,88,40,3.36,MU,2020-05-08 04:55:59
620,Luderitz,-26.65,15.16,53.6,93,43,1.12,NA,2020-05-08 04:55:59
621,Bilma,18.69,12.92,79.16,14,0,7.38,NE,2020-05-08 04:55:59
622,Sens,48.17,3.33,46.99,93,80,2.24,FR,2020-05-08 04:55:59
623,Tarut,26.57,50.04,80.6,36,42,11.41,SA,2020-05-08 04:55:59
624,Busselton,-33.65,115.33,57.99,90,99,7.54,AU,2020-05-08 04:53:50
625,Los Llanos De Aridane,28.66,-17.92,64.4,72,16,5.82,ES,2020-05-08 04:56:00
626,Vallenar,-28.57,-70.76,57.07,70,0,0.87,CL,2020-05-08 04:56:00
627,Saint-Philippe,-21.36,55.77,78.8,78,100,4.7,RE,2020-05-08 04:56:00
628,Vwawa,-9.12,32.93,60.3,92,86,5.39,TZ,2020-05-08 04:56:00
629,Hermanus,-34.42,19.23,54.0,95,36,8.84,ZA,2020-05-08 04:54:03
630,Sao Filipe,14.9,-24.5,72.95,77,25,12.19,CV,2020-05-08 04:56:01
631,Kosh-Agach,50.0,88.67,48.99,48,38,7.0,RU,2020-05-08 04:56:01
632,Santa Cruz Cabralia,-16.28,-39.02,73.4,88,90,4.7,BR,2020-05-08 04:56:01
633,Ler,8.3,30.14,81.57,62,98,2.59,SS,2020-05-08 04:56:01
634,Georgetown,5.41,100.34,89.6,84,40,3.36,MY,2020-05-08 04:56:02
635,Qaqortoq,60.72,-46.03,41.0,75,35,4.7,GL,2020-05-08 04:56:02
636,Mar Del Plata,-38.0,-57.56,51.01,87,54,10.29,AR,2020-05-08 04:52:28
637,Ribeira Grande,38.52,-28.7,61.29,69,61,22.95,PT,2020-05-08 04:56:02
638,Westerland,54.91,8.3,46.4,87,0,8.05,DE,2020-05-08 04:56:02
639,Pisco,-13.7,-76.22,66.99,82,100,6.93,PE,2020-05-08 04:54:11
640,Coquimbo,-29.95,-71.34,57.2,87,74,3.36,CL,2020-05-08 04:53:43
641,Neuquen,-38.95,-68.06,42.8,87,97,2.01,AR,2020-05-08 04:56:03
642,Colares,38.8,-9.45,62.01,67,36,5.01,PT,2020-05-08 04:56:04
643,Narsaq,60.92,-46.05,41.0,75,72,4.7,GL,2020-05-08 04:54:25
644,Malumfashi,11.79,7.62,75.52,51,36,8.28,NG,2020-05-08 04:56:04
645,Cadiz,36.5,-5.75,66.2,72,0,2.24,ES,2020-05-08 04:56:04
646,Bay Roberts,47.6,-53.26,36.0,1,100,5.99,CA,2020-05-08 04:56:04
647,Kalabo,-14.97,22.68,56.35,71,0,5.41,ZM,2020-05-08 04:56:04
648,Iskateley,67.68,53.15,33.62,99,99,7.87,RU,2020-05-08 04:56:05
649,Helsingborg,56.05,12.69,46.99,88,3,8.01,SE,2020-05-08 04:56:05
650,Amapa,1.0,-52.0,71.56,98,100,1.88,BR,2020-05-08 04:56:05
651,Port Alfred,-33.59,26.89,63.0,81,97,4.0,ZA,2020-05-08 04:54:04
652,Castro,-24.79,-50.01,43.86,92,0,5.91,BR,2020-05-08 04:54:10
653,Bredasdorp,-34.53,20.04,59.0,87,76,1.12,ZA,2020-05-08 04:56:06
654,Longyearbyen,78.22,15.64,26.6,73,20,4.7,SJ,2020-05-08 04:56:06
655,Mahebourg,-20.41,57.7,77.0,88,40,3.36,MU,2020-05-08 04:56:06
656,Kapoeta,4.77,33.59,78.33,67,95,16.22,SS,2020-05-08 04:56:07
657,Hobe Sound,27.06,-80.14,69.01,51,76,5.01,US,2020-05-08 04:56:07
658,Angoche,-16.23,39.91,75.76,77,13,10.02,MZ,2020-05-08 04:56:07
659,Belyy Yar,53.6,91.39,51.8,50,25,6.71,RU,2020-05-08 04:56:07
660,Clyde River,70.47,-68.59,3.2,77,1,4.7,CA,2020-05-08 04:54:02
661,Uruzgan,32.83,66.0,75.51,19,25,0.51,AF,2020-05-08 04:56:07
662,Santa Lucia,27.91,-15.54,64.4,72,20,10.29,ES,2020-05-08 04:56:08
663,Mwingi,-0.93,38.06,69.06,81,85,4.88,KE,2020-05-08 04:56:08
664,Cidreira,-30.18,-50.21,54.41,89,7,5.32,BR,2020-05-08 04:54:05
665,Gusau,12.16,6.66,76.21,47,20,3.91,NG,2020-05-08 04:56:08
666,Mao,39.89,4.27,62.6,88,100,11.41,ES,2020-05-08 04:51:34
667,Orvault,47.27,-1.62,59.0,72,99,3.36,FR,2020-05-08 04:56:08
668,Baijiantan,45.63,85.18,70.61,19,1,6.62,CN,2020-05-08 04:56:09
669,Sanchor,24.76,71.77,100.26,24,2,13.87,IN,2020-05-08 04:56:09
670,Kutum,14.2,24.67,72.84,19,71,5.19,SD,2020-05-08 04:56:09
671,Methoni,36.82,21.7,62.01,58,21,3.4,GR,2020-05-08 04:56:09
672,Iacu,-12.77,-40.21,71.69,93,93,2.19,BR,2020-05-08 04:56:09
673,Tirumullaivasal,11.23,79.83,93.34,51,28,8.3,IN,2020-05-08 04:56:10
674,Ancud,-41.87,-73.82,57.0,100,90,8.05,CL,2020-05-08 04:56:10
675,Berlevag,70.86,29.09,35.01,92,95,21.12,NO,2020-05-08 04:54:36
676,Olinda,-8.01,-34.86,82.4,69,40,6.93,BR,2020-05-08 04:56:10
677,Vestmannaeyjar,63.44,-20.27,41.4,68,40,11.36,IS,2020-05-08 04:56:10
678,Birao,10.28,22.79,79.11,63,96,3.85,CF,2020-05-08 04:56:10
679,Morondava,-20.28,44.28,72.21,53,99,7.38,MG,2020-05-08 04:56:11
680,Richards Bay,-28.78,32.04,63.55,89,0,6.17,ZA,2020-05-08 04:56:11
681,Jumla,29.27,82.18,62.17,35,0,4.29,NP,2020-05-08 04:54:55
682,Altay,47.87,88.12,61.92,30,0,3.51,CN,2020-05-08 04:56:11
683,Novyy Urengoy,66.08,76.63,40.21,99,100,14.76,RU,2020-05-08 04:56:04
684,Santa Fe,-31.63,-60.7,51.01,77,13,4.0,AR,2020-05-08 04:56:11
685,Ciudad Ojeda,10.2,-71.31,81.28,83,89,3.62,VE,2020-05-08 04:56:12
686,Ugoofaaru,5.67,73.0,84.11,74,94,6.2,MV,2020-05-08 04:56:12
687,Saint George,37.1,-113.58,73.4,8,1,21.92,US,2020-05-08 04:56:12
688,Saint-Prosper,46.21,-70.48,39.99,65,93,1.99,CA,2020-05-08 04:56:12
689,Quatre Cocos,-20.21,57.76,79.0,88,40,3.36,MU,2020-05-08 04:55:03
690,Chuy,-33.7,-53.46,47.97,82,18,5.77,UY,2020-05-08 04:56:13
691,Mitsamiouli,-11.38,43.28,82.09,74,2,11.23,KM,2020-05-08 04:54:08
692,Dubrovytsya,51.57,26.57,44.04,79,89,7.45,UA,2020-05-08 04:56:13
693,Saldanha,-33.01,17.94,51.8,87,10,5.82,ZA,2020-05-08 04:56:13
694,Aden,12.78,45.04,86.81,73,47,16.69,YE,2020-05-08 04:53:59
695,Chimbote,-9.09,-78.58,69.1,82,69,5.39,PE,2020-05-08 04:56:14
696,Nanortalik,60.14,-45.24,38.03,85,77,3.4,GL,2020-05-08 04:56:14
697,Canto Do Buriti,-8.11,-42.94,72.23,87,100,1.07,BR,2020-05-08 04:56:14
698,Pangnirtung,66.15,-65.71,19.4,82,47,3.2,CA,2020-05-08 04:56:14
699,Bathsheba,13.22,-59.52,80.6,78,40,20.8,BB,2020-05-08 04:56:14
700,Macedo De Cavaleiros,41.54,-6.96,55.99,90,74,2.21,PT,2020-05-08 04:56:15
701,Djenne,13.91,-4.55,85.44,37,71,9.89,ML,2020-05-08 04:56:15
702,Souillac,-20.52,57.52,77.0,88,40,3.36,MU,2020-05-08 04:56:15
703,Monrovia,6.3,-10.8,79.77,87,96,3.91,LR,2020-05-08 04:56:15
704,Saint-Pierre,-21.34,55.48,78.8,78,100,4.7,RE,2020-05-08 04:56:15
705,Obo,5.4,26.49,71.04,93,63,2.55,CF,2020-05-08 04:56:15
706,Khvoynaya,58.9,34.53,42.37,67,89,5.7,RU,2020-05-08 04:56:16
707,Kayerkan,69.35,87.76,35.6,74,75,29.08,RU,2020-05-08 04:56:16
708,San Pedro,14.35,121.02,96.8,47,20,5.82,PH,2020-05-08 04:56:16
709,Boa Vista,2.82,-60.67,77.0,88,75,4.7,BR,2020-05-08 04:56:16
710,Kourou,5.16,-52.65,78.8,88,90,3.36,GF,2020-05-08 04:56:16
711,Nampula,-15.12,39.27,66.2,93,40,10.29,MZ,2020-05-08 04:52:08
712,Destin,30.39,-86.5,60.01,76,1,6.26,US,2020-05-08 04:56:17
713,Leshukonskoye,64.9,45.76,39.09,88,100,2.08,RU,2020-05-08 04:56:17
714,Cayenne,4.93,-52.33,78.8,88,90,3.36,GF,2020-05-08 04:56:17
715,Nalut,30.33,10.85,68.07,51,57,20.0,LY,2020-05-08 04:55:31
716,Saint Albans,51.75,-0.33,50.0,81,100,3.36,GB,2020-05-08 04:56:17
717,Praia Da Vitoria,38.73,-27.07,59.0,87,40,14.25,PT,2020-05-08 04:56:18
718,Sao Felix Do Xingu,-6.64,-51.99,72.39,96,99,1.79,BR,2020-05-08 04:56:18
719,Maceio,-9.67,-35.74,73.4,94,100,2.24,BR,2020-05-08 04:54:47
720,Crateus,-5.18,-40.68,69.57,92,89,1.21,BR,2020-05-08 04:56:18
721,Gamboma,-1.88,15.86,73.27,91,68,1.28,CG,2020-05-08 04:56:18
722,Tasiilaq,65.61,-37.64,26.6,73,0,2.24,GL,2020-05-08 04:56:19
723,Usinsk,65.99,57.53,56.93,81,96,21.25,RU,2020-05-08 04:56:19
724,Adrar,20.5,-10.07,86.29,16,90,12.41,MR,2020-05-08 04:56:19
725,Necochea,-38.55,-58.74,48.0,83,73,4.0,AR,2020-05-08 04:56:19
726,Talnakh,69.49,88.4,35.6,74,75,29.08,RU,2020-05-08 04:56:20
727,Chapais,49.78,-74.85,23.0,79,90,9.17,CA,2020-05-08 04:56:20
728,Vahan,40.58,45.4,48.67,67,0,10.04,AM,2020-05-08 04:56:20
729,Mbaiki,3.87,17.99,69.06,99,100,4.5,CF,2020-05-08 04:56:20
730,Great Yarmouth,52.61,1.73,50.0,97,97,6.51,GB,2020-05-08 04:56:20
731,Karasburg,-28.02,18.75,63.84,27,84,5.17,NA,2020-05-08 04:56:20
732,Shetpe,44.17,52.12,63.91,72,23,7.67,KZ,2020-05-08 04:56:21
733,Kongolo,-5.38,27.0,70.48,93,100,3.49,CD,2020-05-08 04:56:21
734,Saint-Joseph,-21.37,55.62,78.8,78,100,4.7,RE,2020-05-08 04:56:21
735,Killybegs,54.63,-8.45,52.0,91,100,1.01,IE,2020-05-08 04:56:21
736,Nieuw Amsterdam,5.88,-55.08,78.01,91,56,1.99,SR,2020-05-08 04:56:21
737,Itaobim,-16.57,-41.83,69.57,92,100,2.95,BR,2020-05-08 04:56:21
738,Ravar,31.27,56.81,74.57,20,0,3.18,IR,2020-05-08 04:56:22
739,Waspan,14.74,-83.97,76.37,93,87,2.3,NI,2020-05-08 04:56:22
740,Hofn,64.25,-15.21,35.78,78,26,17.09,IS,2020-05-08 04:56:22
741,Husavik,66.04,-17.34,32.0,91,90,23.04,IS,2020-05-08 04:56:22
742,Taltal,-25.4,-70.48,58.06,76,21,2.15,CL,2020-05-08 04:55:01
743,Baikunthpur,23.25,82.55,99.46,10,0,9.6,IN,2020-05-08 04:56:23
744,Paamiut,61.99,-49.67,36.52,83,81,0.76,GL,2020-05-08 04:56:23
745,Dalbandin,28.89,64.41,92.59,11,0,5.23,PK,2020-05-08 04:56:23
746,Ilulissat,69.22,-51.1,23.0,73,0,5.61,GL,2020-05-08 04:52:39
747,Baherden,38.44,57.43,77.47,31,14,5.1,TM,2020-05-08 04:56:23
748,Jacksonville,30.33,-81.66,64.4,52,1,9.17,US,2020-05-08 04:52:19
749,Hobyo,5.35,48.53,85.62,65,0,3.98,SO,2020-05-08 04:56:24
750,Abu Samrah,35.3,37.18,64.99,45,32,2.62,SY,2020-05-08 04:56:24
751,Kavaratti,10.57,72.64,82.4,83,75,40.26,IN,2020-05-08 04:56:24
752,Iqaluit,63.75,-68.51,28.4,50,75,4.7,CA,2020-05-08 04:55:34
753,Lasa,46.62,10.7,52.0,86,5,4.7,IT,2020-05-08 04:56:24
754,Scarborough,54.28,-0.4,51.01,80,36,4.85,GB,2020-05-08 04:56:25
755,Mporokoso,-9.37,30.12,59.9,88,44,9.24,ZM,2020-05-08 04:56:25
756,Remanso,-9.62,-42.08,76.12,72,83,3.71,BR,2020-05-08 04:56:25
757,Saint-Augustin,51.23,-58.65,33.85,98,100,5.14,CA,2020-05-08 04:56:25
758,Klaksvik,62.23,-6.59,44.6,93,100,10.29,FO,2020-05-08 04:56:25
759,Sarh,9.14,18.39,78.93,69,95,5.26,TD,2020-05-08 04:56:26
760,Bonavista,48.65,-53.11,33.01,83,100,11.99,CA,2020-05-08 04:56:26
761,Prieska,-29.66,22.75,55.63,36,100,1.74,ZA,2020-05-08 04:56:26
762,Arrifes,37.77,-25.7,59.0,77,20,8.05,PT,2020-05-08 04:56:26
763,Beyneu,45.32,55.2,72.46,49,99,17.52,KZ,2020-05-08 04:56:26
764,Metu,8.3,35.58,62.83,94,100,0.85,ET,2020-05-08 04:56:27
765,Gat,31.61,34.76,66.0,70,0,1.01,IL,2020-05-08 04:56:05
766,Shache,38.42,77.24,67.26,39,84,1.9,CN,2020-05-08 04:56:27
767,Grindavik,63.84,-22.43,35.6,74,26,16.11,IS,2020-05-08 04:54:27
768,Tessalit,20.2,1.01,82.35,13,0,14.23,ML,2020-05-08 04:56:27
769,Muravlenko,63.79,74.52,61.43,61,99,15.39,RU,2020-05-08 04:56:27
770,Vila Velha,-20.33,-40.29,66.2,93,75,2.24,BR,2020-05-08 04:56:28
771,Casablanca,33.59,-7.62,64.4,82,75,4.7,MA,2020-05-08 04:52:37
772,Comodoro Rivadavia,-45.87,-67.5,68.0,52,100,9.17,AR,2020-05-08 04:53:22
773,Meulaboh,4.14,96.13,77.56,94,100,11.1,ID,2020-05-08 04:54:20
774,Bereda,43.27,-7.54,55.99,100,59,1.01,ES,2020-05-08 04:55:18
775,Abu Zabad,12.35,29.25,82.18,16,44,6.85,SD,2020-05-08 04:56:28
776,Tabou,4.42,-7.35,79.41,86,98,4.88,CI,2020-05-08 04:56:29
777,Aasiaat,68.71,-52.87,22.39,93,0,10.85,GL,2020-05-08 04:56:29
778,Aquiraz,-3.9,-38.39,78.8,88,7,5.82,BR,2020-05-08 04:56:29
779,Ankazobe,-18.32,47.12,62.6,100,75,3.36,MG,2020-05-08 04:56:29
780,Tres Arroyos,-38.37,-60.28,50.04,56,67,13.58,AR,2020-05-08 04:56:29
781,Acari,-15.43,-74.62,71.2,62,100,1.07,PE,2020-05-08 04:56:29
782,Hamilton,39.18,-84.53,55.99,54,75,6.93,US,2020-05-08 04:52:42
783,Buraydah,26.33,43.98,77.0,33,16,5.82,SA,2020-05-08 04:56:30
784,Teguldet,57.31,88.17,55.09,44,77,3.06,RU,2020-05-08 04:56:30
785,Manta,-0.95,-80.73,78.8,88,90,8.05,EC,2020-05-08 04:56:30
786,Aripuana,-9.17,-60.63,67.46,89,89,4.63,BR,2020-05-08 04:56:30
787,Diapaga,12.07,1.79,86.41,45,17,7.14,BF,2020-05-08 04:56:30
788,Carutapera,-1.2,-46.02,76.78,92,80,4.21,BR,2020-05-08 04:53:05
789,Tabuk,17.42,121.44,92.57,53,8,4.52,PH,2020-05-08 04:56:31
790,Dahanu,19.97,72.73,88.9,56,9,7.96,IN,2020-05-08 04:56:31
791,Goldap,54.31,22.3,41.0,94,28,4.23,PL,2020-05-08 04:56:31
792,Sur,22.57,59.53,96.21,31,0,1.19,OM,2020-05-08 04:56:31
793,Bosaso,11.28,49.18,90.81,53,0,6.53,SO,2020-05-08 04:56:32
794,Vice,-5.42,-80.78,74.89,68,7,12.37,PE,2020-05-08 04:56:32
795,Pinheiro Machado,-31.58,-53.38,46.99,77,0,3.0,BR,2020-05-08 04:56:32
796,Aksu,41.12,80.26,71.04,22,89,12.21,CN,2020-05-08 04:56:32
797,Walvis Bay,-22.96,14.51,73.47,28,0,6.67,NA,2020-05-08 04:56:32
798,Iranshahr,27.2,60.68,89.6,24,84,6.33,IR,2020-05-08 04:56:33
799,Notre-Dame-Du-Lac,47.61,-68.8,41.0,35,1,5.82,CA,2020-05-08 04:56:33
800,Donskoye,45.46,41.97,51.8,93,75,8.95,RU,2020-05-08 04:56:33
801,San Andres,12.58,-81.7,82.4,83,40,11.41,CO,2020-05-08 04:53:07
802,Dom Pedrito,-30.98,-54.67,43.66,89,0,0.54,BR,2020-05-08 04:56:33
803,Dingle,11.0,122.67,94.86,46,97,8.32,PH,2020-05-08 04:55:34
804,Yabrud,33.97,36.66,62.01,87,0,6.67,SY,2020-05-08 04:56:34
805,Muros,42.78,-9.06,55.99,90,66,1.01,ES,2020-05-08 04:54:28
806,Camacha,33.08,-16.33,60.8,82,20,1.12,PT,2020-05-08 04:56:34
807,Lichinga,-13.31,35.24,53.6,93,20,11.41,MZ,2020-05-08 04:56:34
808,Imbituba,-28.24,-48.67,60.8,77,92,4.7,BR,2020-05-08 04:56:34
809,Qasigiannguit,68.82,-51.19,23.0,73,0,4.03,GL,2020-05-08 04:56:35
810,Marrakesh,31.63,-8.01,57.2,87,0,4.7,MA,2020-05-08 04:56:10
811,Verkh-Suetka,53.3,80.05,68.61,45,0,9.8,RU,2020-05-08 04:56:35
812,Lodwar,3.12,35.6,81.99,60,55,13.22,KE,2020-05-08 04:56:35
813,Mattru,7.62,-11.83,77.31,96,91,2.28,SL,2020-05-08 04:56:35
814,Hambantota,6.12,81.12,86.56,67,76,9.69,LK,2020-05-08 04:56:36
815,Tres Lagoas,-20.75,-51.68,56.26,94,3,4.16,BR,2020-05-08 04:56:36
816,Locri,38.24,16.26,60.01,66,0,5.82,IT,2020-05-08 04:56:36
817,Yanam,16.73,82.22,91.4,63,40,6.93,IN,2020-05-08 04:56:36
818,Vagay,57.94,69.02,73.31,34,0,5.3,RU,2020-05-08 04:56:36
819,Manavalakurichi,8.13,77.3,89.6,70,20,5.82,IN,2020-05-08 04:56:37
820,Tiznit,29.58,-9.5,58.48,76,8,1.97,MA,2020-05-08 04:56:37
821,Konosha,60.97,40.26,39.88,95,100,6.71,RU,2020-05-08 04:56:37
822,Teguise,29.06,-13.56,64.4,77,3,4.7,ES,2020-05-08 04:56:37
823,San Cristobal,7.77,-72.22,68.23,88,93,3.74,VE,2020-05-08 04:56:37
824,Wilmington,34.23,-77.94,50.0,81,1,3.42,US,2020-05-08 04:56:16
825,Namwala,-15.75,26.44,55.96,70,28,4.92,ZM,2020-05-08 04:56:38
826,Faya,18.39,42.45,68.0,77,28,4.41,SA,2020-05-08 04:54:05
827,Am Timan,11.03,20.28,81.64,59,67,5.5,TD,2020-05-08 04:56:38
828,Falun,60.6,15.63,39.2,65,62,3.36,SE,2020-05-08 04:56:38
829,Port Hawkesbury,45.62,-61.35,32.0,98,75,8.05,CA,2020-05-08 04:56:39
830,Nizwa,22.93,57.53,95.18,17,0,2.35,OM,2020-05-08 04:56:39
831,Tiruchchendur,8.48,78.12,91.4,55,40,6.93,IN,2020-05-08 04:56:39
832,Marystown,47.17,-55.15,33.28,96,100,14.81,CA,2020-05-08 04:56:39
833,Vilhena,-12.74,-60.15,57.92,78,100,4.63,BR,2020-05-08 04:56:39
834,Cassia,-20.58,-46.92,59.72,90,80,1.59,BR,2020-05-08 04:56:39
835,Kochevo,59.6,54.31,58.21,78,100,6.13,RU,2020-05-08 04:56:40
836,Bouza,14.42,6.04,80.69,15,13,8.59,NE,2020-05-08 04:56:40
837,Ripoll,42.2,2.19,51.01,1,80,2.95,ES,2020-05-08 04:56:40
838,Nantucket,41.28,-70.1,50.0,81,1,18.34,US,2020-05-08 04:56:40
839,Rodez,44.5,2.58,57.99,62,100,11.41,FR,2020-05-08 04:56:40
840,Calvinia,-31.47,19.78,58.08,33,99,3.58,ZA,2020-05-08 04:56:40
841,Matara,5.95,80.54,87.28,66,100,5.88,LK,2020-05-08 04:56:41
842,Salalah,17.02,54.09,84.2,79,20,2.24,OM,2020-05-08 04:56:41
843,Ust-Kulom,61.69,53.69,55.65,93,100,8.86,RU,2020-05-08 04:56:41
844,Havre-Saint-Pierre,50.23,-63.6,37.4,74,90,5.82,CA,2020-05-08 04:56:41
845,Nicolas Bravo,18.45,-88.92,73.02,96,75,2.17,MX,2020-05-08 04:56:41
846,Filadelfia,39.95,-75.16,59.0,44,90,9.17,US,2020-05-08 04:52:00
847,Beloha,-25.17,45.05,68.83,78,5,10.8,MG,2020-05-08 04:56:42
848,Cockburn Town,21.46,-71.14,80.92,80,59,7.58,TC,2020-05-08 04:56:42
849,Hvolsvollur,63.75,-20.22,27.0,91,36,10.2,IS,2020-05-08 04:56:42
850,Esperantina,-3.9,-42.23,72.61,95,0,1.14,BR,2020-05-08 04:56:42
851,Ourinhos,-22.98,-49.87,51.04,90,0,6.31,BR,2020-05-08 04:56:42
852,Wattegama,6.8,81.48,88.27,60,80,6.69,LK,2020-05-08 04:56:43
853,Nadezhda,44.1,44.6,60.49,81,93,10.33,RU,2020-05-08 04:56:43
854,Sanandaj,35.31,46.99,53.6,66,20,4.7,IR,2020-05-08 04:56:43
855,Montoro,38.02,-4.38,62.01,93,0,2.24,ES,2020-05-08 04:56:43
856,Morros,-9.45,-46.3,73.94,78,93,0.56,BR,2020-05-08 04:56:43
857,Qandala,11.47,49.87,89.22,57,6,5.08,SO,2020-05-08 04:56:43
858,Taoudenni,22.68,-3.98,95.92,18,91,13.04,ML,2020-05-08 04:56:43
859,Frutal,-20.02,-48.94,58.44,94,69,6.91,BR,2020-05-08 04:56:44
860,Fuerte Olimpo,-21.04,-57.87,50.32,56,0,4.45,PY,2020-05-08 04:56:44
861,Damietta,31.42,31.81,71.24,56,12,6.08,EG,2020-05-08 04:56:44
862,Kruisfontein,-34.0,24.73,57.31,68,98,7.16,ZA,2020-05-08 04:56:44
863,Snasa,64.25,12.38,35.6,93,75,10.29,NO,2020-05-08 04:56:44
864,San Borja,-14.82,-66.85,59.23,74,83,3.02,BO,2020-05-08 04:56:45
865,Turbat,26.0,63.04,93.27,28,48,3.83,PK,2020-05-08 04:56:45
866,Gairatganj,23.42,78.24,100.08,9,0,6.06,IN,2020-05-08 04:56:45
867,Lahij,13.17,44.58,82.38,64,70,7.31,YE,2020-05-08 04:56:45
868,Gao,16.64,1.64,80.55,13,0,8.5,ML,2020-05-08 04:56:45
869,Tara,56.89,74.37,74.39,28,0,5.99,RU,2020-05-08 04:56:45
870,Tazovskiy,67.47,78.7,35.89,100,85,12.55,RU,2020-05-08 04:56:46
871,Barela,23.1,80.05,104.23,13,0,9.33,IN,2020-05-08 04:56:46
872,Bloemfontein,-29.12,26.21,39.2,93,79,1.63,ZA,2020-05-08 04:52:42
873,Ponta Delgada,37.73,-25.67,59.0,77,20,8.05,PT,2020-05-08 04:56:46
874,Tokmak,47.25,35.71,51.49,72,100,3.98,UA,2020-05-08 04:56:46
875,Port Saint Lucie,27.29,-80.35,69.01,53,48,11.27,US,2020-05-08 04:56:46
876,Vytegra,61.01,36.45,42.57,76,100,1.59,RU,2020-05-08 04:56:47
877,Vardo,70.37,31.11,37.4,78,75,12.75,NO,2020-05-08 04:52:29
878,Ostrovnoy,68.05,39.51,35.35,87,33,10.49,RU,2020-05-08 04:56:47
879,Halden,59.12,11.39,43.0,87,84,2.24,NO,2020-05-08 04:53:54
880,Sao Jose Da Coroa Grande,-8.9,-35.15,78.17,81,95,4.14,BR,2020-05-08 04:56:47
881,Olafsvik,64.89,-23.71,35.22,84,24,15.82,IS,2020-05-08 04:56:47
882,Mercedes,-34.65,-59.43,48.99,99,14,7.0,AR,2020-05-08 04:56:48
883,Moyale,3.52,39.06,68.74,92,55,7.9,KE,2020-05-08 04:56:48
884,Eydhafushi,5.1,73.07,85.19,70,100,7.29,MV,2020-05-08 04:56:48
885,Lubao,14.92,120.55,96.8,50,40,4.7,PH,2020-05-08 04:56:48
886,Mandiana,10.63,-8.68,80.01,71,29,6.6,GN,2020-05-08 04:56:48
887,Aleksandrov Gay,50.15,48.57,70.0,52,99,9.13,RU,2020-05-08 04:56:48
888,Tammisaari,59.97,23.43,42.01,81,7,5.55,FI,2020-05-08 04:56:49
889,Ushtobe,45.25,77.98,72.64,22,2,7.49,KZ,2020-05-08 04:56:49
890,Ginda,30.69,78.49,71.94,30,1,5.06,IN,2020-05-08 04:56:49
891,Vieques,18.43,-65.83,82.4,69,1,9.4,PR,2020-05-08 04:56:49
892,Barentu,15.11,37.59,82.35,47,99,2.93,ER,2020-05-08 04:56:49
893,Buchanan,5.88,-10.05,79.74,85,86,2.98,LR,2020-05-08 04:56:49
894,Lithakia,37.72,20.83,53.6,81,0,6.22,GR,2020-05-08 04:56:50
895,Ostersund,63.18,14.64,37.4,55,100,9.17,SE,2020-05-08 04:56:50
896,Belmonte,-15.86,-38.88,73.4,88,90,4.7,BR,2020-05-08 04:52:05
897,Kamenka,51.32,42.77,57.99,88,100,10.0,RU,2020-05-08 04:56:50
898,Liepaja,56.54,21.04,42.8,75,40,6.93,LV,2020-05-08 04:56:50
899,Coihaique,-45.58,-72.07,55.4,93,90,4.7,CL,2020-05-08 04:56:50
900,Selizharovo,56.85,33.45,41.97,78,51,7.45,RU,2020-05-08 04:56:51
901,Kjollefjord,70.95,27.35,37.4,74,75,13.87,NO,2020-05-08 04:56:51
902,Tashara,55.52,83.51,61.52,49,35,3.85,RU,2020-05-08 04:56:51
903,Kargasok,59.06,80.86,65.91,47,66,7.83,RU,2020-05-08 04:56:51
904,Aqtobe,50.28,57.21,68.0,30,0,13.42,KZ,2020-05-08 04:56:51
905,Peru,40.75,-86.07,54.0,62,40,6.93,US,2020-05-08 04:55:51
906,Dzaoudzi,-12.79,45.27,84.2,74,20,16.11,YT,2020-05-08 04:56:52
907,Collierville,35.04,-89.66,62.01,67,90,4.63,US,2020-05-08 04:56:33
908,Sambava,-14.27,50.17,77.81,76,5,7.38,MG,2020-05-08 04:54:05
909,Bubaque,11.28,-15.83,78.17,73,6,14.34,GW,2020-05-08 04:56:52
910,Liverpool,53.41,-2.98,51.8,81,98,2.24,GB,2020-05-08 04:56:03
911,Vila Franca Do Campo,37.72,-25.43,59.0,77,20,8.05,PT,2020-05-08 04:54:29
912,Marawi,8.0,124.29,86.0,82,19,8.01,PH,2020-05-08 04:56:53
913,Drezdenko,52.84,15.83,41.0,99,93,4.05,PL,2020-05-08 04:56:53
914,Alampur,15.88,78.15,99.46,25,96,5.53,IN,2020-05-08 04:54:49
915,Mehamn,71.04,27.85,37.4,74,75,13.87,NO,2020-05-08 04:54:26
916,Porto Belo,-27.16,-48.55,59.0,83,43,6.67,BR,2020-05-08 04:56:53
917,Victoria,22.29,114.16,89.6,66,40,12.75,HK,2020-05-08 04:56:46
918,Veraval,20.9,70.37,89.71,51,0,10.51,IN,2020-05-08 04:55:12
919,Mwense,-10.38,28.7,63.54,77,41,5.86,ZM,2020-05-08 04:56:54
920,Pridonskoy,51.68,39.07,51.8,76,75,6.71,RU,2020-05-08 04:56:54
921,Lukovetskiy,64.3,41.92,44.6,73,90,4.47,RU,2020-05-08 04:56:54
922,Henties Bay,-22.12,14.28,72.37,35,0,6.44,NA,2020-05-08 04:56:55
923,Pontes E Lacerda,-15.23,-59.34,58.6,57,59,5.82,BR,2020-05-08 04:56:55
924,Velsk,61.07,42.1,42.71,91,100,5.93,RU,2020-05-08 04:56:55
925,Kalmar,56.66,16.36,46.0,87,83,5.82,SE,2020-05-08 04:56:55
926,Harper,4.38,-7.72,79.77,84,100,5.5,LR,2020-05-08 04:55:26
927,Briancon,44.9,6.65,61.0,67,100,1.61,FR,2020-05-08 04:56:56
928,Lagoa,39.05,-27.98,60.73,69,28,26.02,PT,2020-05-08 04:56:56
929,Lucapa,-8.42,20.74,65.1,82,100,3.18,AO,2020-05-08 04:56:56
930,Kapuskasing,49.42,-82.43,23.0,79,90,9.17,CA,2020-05-08 04:56:56
931,Umba,66.69,34.34,37.54,80,0,6.22,RU,2020-05-08 04:56:56
932,Mansa,29.98,75.38,97.77,15,0,4.74,IN,2020-05-08 04:56:56
933,Gamba,-2.65,10.0,77.52,90,37,3.29,GA,2020-05-08 04:56:57
934,Pervomayskoye,43.92,46.71,56.62,90,100,10.65,RU,2020-05-08 04:56:57
935,Brcko,44.87,18.81,48.99,75,0,5.82,BA,2020-05-08 04:56:57
936,Yining,29.04,114.56,82.85,82,97,3.71,CN,2020-05-08 04:56:57
937,Prado,-17.34,-39.22,72.68,92,100,12.64,BR,2020-05-08 04:56:57
938,Meybod,32.25,54.02,71.6,24,0,6.93,IR,2020-05-08 04:56:58
939,Teya,60.38,92.63,46.76,56,66,5.79,RU,2020-05-08 04:56:58
940,Murdochville,48.96,-65.5,24.96,97,100,3.67,CA,2020-05-08 04:56:58
941,Abbeville,50.1,1.83,48.2,87,72,2.24,FR,2020-05-08 04:56:58
942,Seoni,22.08,79.53,101.53,18,0,14.25,IN,2020-05-08 04:56:58
943,Gunjur,13.2,-16.73,71.96,79,94,6.78,GM,2020-05-08 04:56:58
944,Villazon,-22.09,-65.59,44.04,78,0,0.83,BO,2020-05-08 04:56:59
945,Okha,53.57,142.95,39.96,70,100,14.85,RU,2020-05-08 04:56:59
946,Qunduz,36.73,68.86,83.8,32,93,3.42,AF,2020-05-08 04:56:59
947,Golden Gate,26.19,-81.7,69.8,64,1,14.99,US,2020-05-08 04:56:59
948,Mtwara,-10.27,40.18,71.6,88,20,20.8,TZ,2020-05-08 04:56:59
949,Bonthe,7.53,-12.51,79.09,91,95,4.12,SL,2020-05-08 04:56:59
950,Chicama,-7.84,-79.15,72.48,72,36,5.35,PE,2020-05-08 04:57:00
951,Yarada,17.65,83.27,91.4,63,20,9.17,IN,2020-05-08 04:57:00
952,Martinopolis,-22.15,-51.17,54.05,87,0,8.16,BR,2020-05-08 04:57:00
953,Hearst,49.68,-83.67,16.21,96,38,5.23,CA,2020-05-08 04:57:00
954,Nuuk,64.18,-51.72,39.2,77,92,1.12,GL,2020-05-08 04:57:00
955,Ereymentau,51.62,73.1,66.04,38,82,14.32,KZ,2020-05-08 04:57:00
956,Carnarvon,-24.87,113.63,74.3,37,63,20.33,AU,2020-05-08 04:57:01
957,Turayf,31.67,38.66,60.8,36,0,6.93,SA,2020-05-08 04:56:43
958,Pimentel,-6.84,-79.93,69.19,83,8,11.34,PE,2020-05-08 04:57:01
959,Kaina,12.64,8.59,84.2,23,48,2.24,NG,2020-05-08 04:57:01
960,Beckley,37.78,-81.19,50.0,53,1,6.93,US,2020-05-08 04:57:02
961,Kiruna,67.86,20.23,26.6,68,94,6.93,SE,2020-05-08 04:57:02
962,Viedma,-40.81,-63.0,56.8,48,36,12.84,AR,2020-05-08 04:57:02
963,Rubtsovsk,51.5,81.25,69.49,44,0,16.24,RU,2020-05-08 04:57:02
964,Pucara,-15.98,-71.46,39.52,66,100,1.9,PE,2020-05-08 04:57:02
965,Grong,64.47,12.31,35.6,93,75,10.29,NO,2020-05-08 04:57:03
966,Tramagal,39.45,-8.25,60.01,94,0,1.74,PT,2020-05-08 04:57:03
967,Porbandar,21.64,69.61,88.81,54,0,9.13,IN,2020-05-08 04:57:03
968,Wad Madani,14.4,33.52,85.1,13,32,2.37,SD,2020-05-08 04:57:03
969,Verkhneye Dubrovo,56.75,61.05,71.6,28,56,8.95,RU,2020-05-08 04:57:03
970,Ibra,22.69,58.53,95.61,20,0,3.96,OM,2020-05-08 04:57:03
971,Gazanjyk,39.24,55.52,68.9,55,75,22.3,TM,2020-05-08 04:57:04
972,Mwanza,-2.52,32.9,68.0,72,20,11.41,TZ,2020-05-08 04:57:04
973,Tromso,69.65,18.96,32.0,94,75,12.75,NO,2020-05-08 04:54:39
974,Sistranda,63.73,8.83,41.0,93,75,10.29,NO,2020-05-08 04:57:04
975,Joshimath,30.57,79.57,64.9,28,0,3.53,IN,2020-05-08 04:57:04
976,Kajaani,64.23,27.73,33.8,64,73,10.29,FI,2020-05-08 04:57:04
977,Bomet,-0.78,35.34,59.74,85,92,7.4,KE,2020-05-08 04:57:05
978,Sorland,67.67,12.69,33.8,80,40,4.7,NO,2020-05-08 04:57:05
979,Nayudupeta,13.9,79.9,91.4,55,20,5.82,IN,2020-05-08 04:57:05
980,Praia,14.92,-23.51,71.6,73,20,14.99,CV,2020-05-08 04:54:23
981,Tulum,20.22,-87.47,81.0,81,31,5.01,MX,2020-05-08 04:57:05
982,Bad Wildbad,48.75,8.55,51.01,93,98,2.24,DE,2020-05-08 04:57:06
983,Yashkul,46.17,45.34,62.01,76,100,14.56,RU,2020-05-08 04:57:06
984,Luebo,-5.35,21.42,69.93,97,87,0.65,CD,2020-05-08 04:57:06
985,Kant,27.8,79.8,96.06,21,0,2.21,IN,2020-05-08 04:57:06
986,Matucana,-11.85,-76.4,60.08,53,100,7.07,PE,2020-05-08 04:57:06
987,Mecca,21.43,39.83,89.64,22,0,3.58,SA,2020-05-08 04:52:49
988,Korla,41.76,86.15,68.94,21,68,12.73,CN,2020-05-08 04:57:07
989,Kudahuvadhoo,2.67,72.89,85.42,73,23,13.31,MV,2020-05-08 04:57:07
990,Behbahan,30.6,50.24,80.6,26,0,9.17,IR,2020-05-08 04:57:07
991,Kachhwa,25.22,82.72,93.2,41,0,8.3,IN,2020-05-08 04:57:07
992,Zvishavane,-20.33,30.07,54.81,90,17,3.49,ZW,2020-05-08 04:57:07
993,Ozinki,51.18,49.68,65.8,51,69,13.24,RU,2020-05-08 04:57:08
994,Iisalmi,63.56,27.19,37.4,64,37,5.82,FI,2020-05-08 04:57:08
995,Plettenberg Bay,-34.05,23.37,60.73,72,74,5.03,ZA,2020-05-08 04:57:08
996,Rawson,-43.3,-65.1,64.89,44,100,11.81,AR,2020-05-08 04:57:08
997,Komatipoort,-25.43,31.95,62.01,93,6,1.12,ZA,2020-05-08 04:57:08
998,Pemba,-12.97,40.52,69.8,94,20,9.17,MZ,2020-05-08 04:55:03
999,Laguna,38.42,-121.42,75.2,36,1,4.7,US,2020-05-08 04:57:09
1000,Royan,45.63,-1.03,60.8,77,99,6.93,FR,2020-05-08 04:57:09
1001,Tonantins,-2.87,-67.8,73.99,98,86,1.9,BR,2020-05-08 04:55:12
1002,Kralendijk,12.15,-68.27,82.4,78,100,20.8,BQ,2020-05-08 04:57:09
1003,Puerto Del Rosario,28.5,-13.86,64.4,77,20,6.93,ES,2020-05-08 04:57:09
1004,Oskemen,49.96,82.61,75.2,29,0,13.42,KZ,2020-05-08 04:57:09
1005,Moron,-34.65,-58.62,55.0,100,35,6.17,AR,2020-05-08 04:57:10
1006,Vestmanna,62.16,-7.17,44.6,93,98,10.29,FO,2020-05-08 04:57:10
1007,Bud,39.45,-86.18,55.99,66,65,5.01,US,2020-05-08 04:54:07
1008,Geraldton,-28.77,114.6,69.8,56,90,11.41,AU,2020-05-08 04:55:29
1009,Axim,4.87,-2.24,80.42,85,7,5.73,GH,2020-05-08 04:57:10
1010,Sao Joao Da Barra,-21.64,-41.05,66.18,88,100,12.3,BR,2020-05-08 04:54:26
1011,Pitimbu,-7.47,-34.81,75.2,94,98,4.7,BR,2020-05-08 04:54:22
1012,Bani Walid,31.76,13.99,60.55,82,10,7.23,LY,2020-05-08 04:57:11
1013,Balkhash,46.84,74.98,71.6,15,68,26.84,KZ,2020-05-08 04:57:11
1014,Saint-Denis,48.92,2.33,54.0,81,70,2.24,FR,2020-05-08 04:57:11
1015,Narsimhapur,22.95,79.2,104.02,11,0,8.43,IN,2020-05-08 04:57:11
1016,Abu Dhabi,24.47,54.37,86.0,55,29,9.17,AE,2020-05-08 04:56:30
1017,Coleraine,55.13,-6.67,53.01,100,90,3.36,GB,2020-05-08 04:57:11
1018,Mizdah,31.45,12.98,59.45,84,9,16.35,LY,2020-05-08 04:57:12
1019,Goderich,43.75,-81.72,37.99,75,19,18.16,CA,2020-05-08 04:57:12
1020,Aljezur,37.32,-8.8,61.0,99,2,1.99,PT,2020-05-08 04:57:12
1021,Mayor Pablo Lagerenza,-19.93,-60.77,52.14,50,0,4.47,PY,2020-05-08 04:57:12
1022,Urumqi,43.8,87.6,69.8,18,0,8.95,CN,2020-05-08 04:57:12
1023,Phuthaditjhaba,-28.52,28.82,46.92,54,1,1.43,ZA,2020-05-08 04:57:13
1024,Gouyave,12.16,-61.73,79.81,78,90,19.08,GD,2020-05-08 04:57:13
1025,Prainha,-1.8,-53.48,74.07,97,100,2.57,BR,2020-05-08 04:57:13
1026,Abensberg,48.82,11.85,45.0,93,100,2.44,DE,2020-05-08 04:57:13
1027,Saint-Honore,48.53,-71.08,36.0,80,90,11.41,CA,2020-05-08 04:57:13
1028,Hirson,49.92,4.08,50.0,75,82,4.05,FR,2020-05-08 04:57:13
1029,Mbengwi,6.02,10.0,65.97,87,97,2.33,CM,2020-05-08 04:57:14
1030,Nouadhibou,20.93,-17.03,64.4,82,0,20.8,MR,2020-05-08 04:52:58
1031,Westport,41.14,-73.36,57.2,47,90,10.29,US,2020-05-08 04:57:14
1032,Apatou,5.16,-54.35,72.32,97,81,1.88,GF,2020-05-08 04:57:14
1033,Gloucester,51.87,-2.24,53.01,82,98,1.97,GB,2020-05-08 04:57:14
1034,El Molino,10.65,-72.92,76.78,79,99,2.53,CO,2020-05-08 04:57:15
1035,Port-Gentil,-0.72,8.78,81.54,82,75,5.84,GA,2020-05-08 04:57:15
1036,Ponazyrevo,58.36,46.31,57.15,87,100,7.14,RU,2020-05-08 04:57:15
1037,Stornoway,58.21,-6.39,48.99,93,98,2.26,GB,2020-05-08 04:57:15
1038,Jalu,29.03,21.55,69.44,55,0,16.35,LY,2020-05-08 04:57:15
1039,Lewisporte,49.25,-55.05,33.8,100,90,12.75,CA,2020-05-08 04:57:16
1040,Vuktyl,63.86,57.31,57.45,78,100,12.66,RU,2020-05-08 04:57:16
1041,Chateaudun,48.08,1.33,48.2,76,89,2.24,FR,2020-05-08 04:57:16
1042,Celica,-4.12,-79.95,58.84,100,87,0.89,EC,2020-05-08 04:57:16
1043,Omboue,-1.57,9.26,77.43,90,99,3.58,GA,2020-05-08 04:57:16
1044,Keighley,53.87,-1.91,51.01,89,77,1.01,GB,2020-05-08 04:57:16
1045,Porto Seguro,-16.45,-39.06,73.4,88,90,4.7,BR,2020-05-08 04:57:17
1046,Luanda,-8.84,13.23,78.8,88,20,3.36,AO,2020-05-08 04:54:49
1047,Lilongwe,-13.97,33.79,53.6,100,64,8.05,MW,2020-05-08 04:57:17
1048,Krutinka,56.01,71.51,66.25,37,0,4.5,RU,2020-05-08 04:57:17
1049,Lebu,-37.62,-73.65,56.3,85,100,3.33,CL,2020-05-08 04:57:17
1050,Qeshm,26.96,56.27,87.8,58,37,2.24,IR,2020-05-08 04:57:17
1051,Natal,-5.79,-35.21,73.4,100,20,4.7,BR,2020-05-08 04:55:26
1052,Caravelas,-17.71,-39.25,71.91,92,100,14.0,BR,2020-05-08 04:57:18
1053,Carauari,-4.88,-66.9,72.43,95,93,3.0,BR,2020-05-08 04:57:18
1054,Eskisehir,39.78,30.52,37.4,100,56,3.36,TR,2020-05-08 04:57:18
1055,Schoten,51.25,4.5,53.01,76,100,2.98,BE,2020-05-08 04:57:18
1056,Cap Malheureux,-19.98,57.61,79.0,85,100,1.99,MU,2020-05-08 04:57:18
1057,The Valley,18.22,-63.06,80.6,83,20,13.87,AI,2020-05-08 04:57:19
1058,Bara,10.37,10.73,79.77,75,35,12.64,NG,2020-05-08 04:57:19
1059,Puerto Maldonado,-12.6,-69.18,61.34,65,90,1.77,PE,2020-05-08 04:57:19
1060,Burgeo,47.62,-57.62,34.45,95,100,13.09,CA,2020-05-08 04:57:19
1061,Rincon,32.3,-81.24,53.6,76,1,3.09,US,2020-05-08 04:57:19
1062,Moba,33.23,105.02,58.69,52,48,7.96,CN,2020-05-08 04:57:20
1063,Kalmunai,7.42,81.82,86.83,65,45,2.39,LK,2020-05-08 04:57:20
1064,Kot Addu,30.47,70.97,86.0,45,14,6.93,PK,2020-05-08 04:57:20
1065,Sontra,51.07,9.93,46.0,83,100,1.3,DE,2020-05-08 04:57:20
1066,Florianopolis,-27.61,-48.5,60.8,77,62,4.7,BR,2020-05-08 04:57:21
1067,Curuca,-0.73,-47.85,75.56,95,92,3.47,BR,2020-05-08 04:57:21
1068,Kucevo,44.48,21.67,48.99,76,4,4.63,RS,2020-05-08 04:57:21
1069,Santa Maria,-29.68,-53.81,46.63,87,0,1.39,BR,2020-05-08 04:56:10
1070,Grand Gaube,-20.01,57.66,79.0,85,100,1.99,MU,2020-05-08 04:55:24
1071,Iracoubo,5.48,-53.2,78.03,84,100,9.84,GF,2020-05-08 04:57:22
1072,Namibe,-15.2,12.15,78.42,55,0,5.06,AO,2020-05-08 04:54:05
1073,Road Town,18.42,-64.62,81.0,84,59,10.0,VG,2020-05-08 04:57:22
1074,Riyadh,24.69,46.72,75.2,33,39,3.36,SA,2020-05-08 04:56:12
1075,Inhambane,-23.86,35.38,66.2,88,20,7.85,MZ,2020-05-08 04:57:22
1076,Valparaiso,-33.04,-71.63,55.4,87,90,4.05,CL,2020-05-08 04:57:23
1077,Itaueira,-7.6,-43.03,72.86,90,100,2.75,BR,2020-05-08 04:57:23
1078,Kumba,4.64,9.45,72.64,94,87,1.7,CM,2020-05-08 04:57:23
1079,Melfi,41.0,15.65,44.6,81,5,9.17,IT,2020-05-08 04:57:23
1080,Ilek,51.53,53.38,66.92,40,23,14.03,RU,2020-05-08 04:57:23
1081,Mahendranagar,28.92,80.33,92.17,25,0,1.43,NP,2020-05-08 04:57:23
1082,Lubango,-14.92,13.49,53.73,49,0,5.66,AO,2020-05-08 04:55:22
1083,Teknaf,20.86,92.31,91.38,44,0,12.19,BD,2020-05-08 04:57:24
1084,Kabalo,-6.05,26.92,69.84,93,99,5.32,CD,2020-05-08 04:57:24
1085,Blagoyevo,63.37,47.92,41.27,92,100,9.28,RU,2020-05-08 04:57:24
1086,Bengkulu,-3.8,102.27,85.5,69,67,11.34,ID,2020-05-08 04:56:31
1087,Palora,-1.7,-77.93,66.49,94,98,1.48,EC,2020-05-08 04:57:25
1088,Havelock,34.88,-76.9,54.0,81,1,3.36,US,2020-05-08 04:57:25
1089,Sembe,1.65,14.58,70.7,93,21,1.39,CG,2020-05-08 04:57:25
1090,Pozo Colorado,-23.49,-58.8,47.28,60,0,3.89,PY,2020-05-08 04:57:25
1091,Cervo,43.67,-7.41,55.0,100,66,1.01,ES,2020-05-08 04:57:25
1092,Cravo Norte,6.3,-70.2,77.16,88,100,2.55,CO,2020-05-08 04:57:26
1093,Kautokeino,69.01,23.04,26.76,96,99,3.98,NO,2020-05-08 04:57:26
1094,Ondjiva,-17.07,15.73,55.63,48,0,6.06,AO,2020-05-08 04:57:26
1095,Valencia,39.33,-0.83,64.99,88,40,1.12,ES,2020-05-08 04:57:07
1096,Dhidhdhoo,6.88,73.1,84.76,70,100,5.64,MV,2020-05-08 04:54:44
1097,Thompson,55.74,-97.86,26.6,73,75,5.82,CA,2020-05-08 04:57:27
1098,Umm Lajj,25.02,37.27,80.06,41,56,7.61,SA,2020-05-08 04:57:27
1099,Vieux Fort,13.72,-60.95,79.0,77,100,4.0,LC,2020-05-08 04:57:27
1100,Mollendo,-17.02,-72.01,65.7,81,44,3.36,PE,2020-05-08 04:57:27
1101,Camana,-16.62,-72.71,66.83,78,59,4.45,PE,2020-05-08 04:57:27
1102,Kambam,5.25,96.86,77.52,90,100,6.93,ID,2020-05-08 04:57:27
1103,Takoradi,4.88,-1.76,80.02,86,18,6.15,GH,2020-05-08 04:57:28
1104,Florence,43.77,11.25,53.01,81,1,2.24,IT,2020-05-08 04:55:35
1105,Millau,44.08,2.92,60.01,62,100,11.41,FR,2020-05-08 04:57:28
1106,Allapalli,19.42,80.07,102.47,29,0,6.76,IN,2020-05-08 04:57:28
1107,Parfino,57.97,31.65,43.14,65,0,4.79,RU,2020-05-08 04:57:28
1108,Chapadinha,-3.74,-43.36,72.68,98,48,1.36,BR,2020-05-08 04:57:28
1109,Alpena,45.06,-83.43,30.2,63,1,4.7,US,2020-05-08 04:54:33
1110,Hualmay,-11.1,-77.61,68.81,78,80,6.69,PE,2020-05-08 04:57:29
1111,Shirwal,18.13,73.98,97.02,13,0,8.48,IN,2020-05-08 04:57:29
1112,Verkhniy Uslon,55.77,48.98,62.6,59,99,6.71,RU,2020-05-08 04:57:29
1113,Mongu,-15.25,23.13,57.7,66,0,5.86,ZM,2020-05-08 04:57:30
1114,Groa,62.65,8.72,42.8,81,75,28.86,NO,2020-05-08 04:57:30
1115,Amherst,41.4,-82.22,48.0,83,90,4.7,US,2020-05-08 04:57:30
1116,Corrente,-3.74,-43.34,72.73,98,49,1.34,BR,2020-05-08 04:57:30
1117,Bridge Of Earn,56.35,-3.41,53.01,87,30,3.91,GB,2020-05-08 04:57:30
1118,Whithorn,18.26,-78.04,78.8,78,20,4.7,JM,2020-05-08 04:57:31
1119,Saint Anthony,45.02,-93.22,46.99,24,1,12.75,US,2020-05-08 04:57:31
1120,Anuradhapura,8.36,80.42,88.92,59,47,5.12,LK,2020-05-08 04:57:31
1121,Dudinka,69.41,86.18,35.6,74,75,29.08,RU,2020-05-08 04:54:35
1122,Dolores,-36.31,-57.68,45.48,75,40,7.61,AR,2020-05-08 04:57:32
1123,Karasjok,69.47,25.51,35.6,59,50,29.97,NO,2020-05-08 04:57:32
1124,Neyshabur,36.21,58.8,69.73,24,0,5.79,IR,2020-05-08 04:57:32
1125,Puerto Baquerizo Moreno,-0.9,-89.6,76.14,93,4,8.5,EC,2020-05-08 04:57:32
1126,Mahajanga,-15.72,46.32,75.2,94,20,2.24,MG,2020-05-08 04:57:32
1127,Honningsvag,70.98,25.97,37.4,74,75,13.87,NO,2020-05-08 04:52:36
1128,Oranjestad,12.52,-70.03,82.4,78,75,21.92,AW,2020-05-08 04:57:33
1129,Hammerfest,70.66,23.68,32.0,89,90,17.22,NO,2020-05-08 04:53:31
1130,Benguela,-12.58,13.41,76.57,65,1,3.89,AO,2020-05-08 04:57:33
1131,Holme,56.11,10.17,43.0,87,7,8.05,DK,2020-05-08 04:57:34
1132,Dobryanka,58.46,56.42,75.2,27,95,11.18,RU,2020-05-08 04:57:34
1133,Pedro Carbo,-1.83,-80.23,80.01,87,50,3.06,EC,2020-05-08 04:57:34
1134,Treinta Y Tres,-33.23,-54.38,45.0,88,8,6.35,UY,2020-05-08 04:57:34
1135,Dubreka,9.79,-13.52,80.13,83,24,2.68,GN,2020-05-08 04:57:34
1136,San Rafael,-34.62,-68.33,55.22,45,92,10.54,AR,2020-05-08 04:57:34
1137,Dakar,14.69,-17.44,69.8,88,36,21.92,SN,2020-05-08 04:57:21
1138,Ipixuna,-1.76,-48.8,78.8,94,40,3.36,BR,2020-05-08 04:57:35
1139,Charlestown,-32.95,151.67,81.0,42,0,5.99,AU,2020-05-08 04:57:35
1140,Arlit,18.74,7.39,79.18,14,0,8.46,NE,2020-05-08 04:57:35
1141,Tabas,33.6,56.92,78.8,22,0,6.93,IR,2020-05-08 04:57:35
1142,Puerto Madryn,-42.77,-65.04,65.23,44,100,13.06,AR,2020-05-08 04:57:35
1143,Zwedru,6.07,-8.13,73.51,98,56,1.3,LR,2020-05-08 04:57:36
1144,Rio Cuarto,-33.13,-64.35,46.4,75,0,4.7,AR,2020-05-08 04:57:36
1145,Sinnamary,5.38,-52.95,77.79,84,99,9.78,GF,2020-05-08 04:57:36
1146,Mufumbwe,-13.68,24.8,58.05,61,97,7.0,ZM,2020-05-08 04:57:36
1147,Benin,9.5,2.25,77.43,83,17,6.8,BJ,2020-05-08 04:57:36
1148,Camacupa,-12.02,17.48,54.12,81,6,5.06,AO,2020-05-08 04:57:37
1149,Yar-Sale,66.83,70.83,41.04,99,99,15.99,RU,2020-05-08 04:55:27
1150,Kamina,-8.74,24.99,62.47,89,24,4.07,CD,2020-05-08 04:57:37
1151,Butterworth,5.4,100.36,89.6,84,40,3.36,MY,2020-05-08 04:57:37
