City_ID,City,Lat,Lng,Max Temp,Humidity,Cloudiness,Wind Speed,Country,Date,Weather Description,Rain inches (last 3 hrs),Snow inches (last 3 hrs)
0,Kulhudhuffushi,6.62,73.07,84.15,79,100,18.95,MV,2020-05-11 04:14:59,moderate rain,0.0,0.0
1,Campbellsville,37.34,-85.34,46.4,61,1,4.7,US,2020-05-11 04:15:00,clear sky,0.0,0.0
2,Qaanaaq,77.48,-69.36,6.89,76,0,6.04,GL,2020-05-11 04:13:48,clear sky,0.0,0.0
3,Porto Novo,6.5,2.6,77.0,88,40,2.24,BJ,2020-05-11 04:15:01,scattered clouds,0.0,0.0
4,Port Alfred,-33.59,26.89,62.01,75,0,1.01,ZA,2020-05-11 04:15:02,clear sky,0.0,0.0
5,Ushuaia,-54.8,-68.3,42.8,81,40,10.29,AR,2020-05-11 04:13:04,scattered clouds,0.0,0.0
6,Georgetown,5.41,100.34,87.8,79,20,4.7,MY,2020-05-11 04:01:11,few clouds,0.0,0.0
7,Cape Town,-33.93,18.42,62.01,100,0,8.05,ZA,2020-05-11 04:05:27,clear sky,0.0,0.0
8,Ponta Do Sol,32.67,-17.1,64.4,72,40,5.82,PT,2020-05-11 04:05:29,scattered clouds,0.0,0.0
9,Rincon,32.3,-81.24,60.8,82,1,4.32,US,2020-05-11 04:14:14,clear sky,0.0,0.0
10,Port Elizabeth,-33.92,25.57,57.2,100,75,10.29,ZA,2020-05-11 04:02:49,broken clouds,0.0,0.0
11,Saint-Philippe,-21.36,55.77,71.6,60,75,6.93,RE,2020-05-11 04:14:44,broken clouds,0.0,0.0
12,Ribeira Grande,38.52,-28.7,57.81,71,7,18.16,PT,2020-05-11 04:15:04,clear sky,0.0,0.0
13,Sao Filipe,14.9,-24.5,72.91,74,4,7.07,CV,2020-05-11 04:13:23,clear sky,0.0,0.0
14,Abha,18.22,42.51,66.2,77,1,5.01,SA,2020-05-11 04:13:08,clear sky,0.0,0.0
15,Arys,42.43,68.8,73.4,43,15,4.47,KZ,2020-05-11 04:15:04,few clouds,0.0,0.0
16,Igarka,67.47,86.58,36.59,93,82,12.1,RU,2020-05-11 04:15:05,broken clouds,0.0,0.0
17,Vila Do Maio,15.13,-23.22,71.6,73,40,21.92,CV,2020-05-11 04:15:05,scattered clouds,0.0,0.0
18,Chuy,-33.7,-53.46,64.99,79,32,7.65,UY,2020-05-11 04:15:05,light rain,0.0,0.0
19,Goundam,16.41,-3.67,87.35,34,48,7.92,ML,2020-05-11 04:15:05,scattered clouds,0.0,0.0
20,Pangnirtung,66.15,-65.71,22.48,91,100,12.68,CA,2020-05-11 04:15:05,light snow,0.0,0.0
21,Touros,-5.2,-35.46,75.2,100,40,4.7,BR,2020-05-11 04:15:06,scattered clouds,0.0,0.0
22,Mahebourg,-20.41,57.7,73.4,56,75,11.41,MU,2020-05-11 04:15:06,broken clouds,0.0,0.0
23,Jamestown,42.1,-79.24,46.4,65,90,12.75,US,2020-05-11 04:13:41,overcast clouds,0.0,0.0
24,Narsaq,60.92,-46.05,57.2,33,32,16.11,GL,2020-05-11 04:13:30,scattered clouds,0.0,0.0
25,Punta Arenas,-53.15,-70.92,42.8,81,75,6.93,CL,2020-05-11 04:12:00,broken clouds,0.0,0.0
26,Tigzirt,36.89,4.12,62.26,61,34,9.28,DZ,2020-05-11 04:15:07,scattered clouds,0.0,0.0
27,Shache,38.42,77.24,67.28,45,0,4.34,CN,2020-05-11 04:15:07,clear sky,0.0,0.0
28,Oranjemund,-28.55,16.43,70.66,34,0,4.7,NA,2020-05-11 04:14:07,clear sky,0.0,0.0
29,Kalmunai,7.42,81.82,86.97,66,100,4.29,LK,2020-05-11 04:15:08,overcast clouds,0.0,0.0
30,East London,-33.02,27.91,68.0,40,0,10.29,ZA,2020-05-11 04:13:27,clear sky,0.0,0.0
31,Berlevag,70.86,29.09,33.8,86,75,16.11,NO,2020-05-11 04:15:08,broken clouds,0.0,0.0
32,Sao Gabriel Da Cachoeira,-0.13,-67.09,73.13,97,100,1.25,BR,2020-05-11 04:15:08,overcast clouds,0.0,0.0
33,Mahibadhoo,3.78,72.97,84.76,79,100,15.59,MV,2020-05-11 04:15:09,overcast clouds,0.0,0.0
34,Hermanus,-34.42,19.23,54.0,95,0,1.97,ZA,2020-05-11 04:15:09,clear sky,0.0,0.0
35,Xacmaz,41.46,48.81,57.29,65,61,2.93,AZ,2020-05-11 04:15:09,broken clouds,0.0,0.0
36,Nardaran,40.56,50.01,57.2,76,20,18.34,AZ,2020-05-11 04:15:09,few clouds,0.0,0.0
37,Foumbot,5.51,10.64,65.64,93,99,2.8,CM,2020-05-11 04:15:10,light rain,0.0,0.0
38,Hofn,64.25,-15.21,41.2,60,1,13.47,IS,2020-05-11 04:14:06,clear sky,0.0,0.0
39,Dingle,11.0,122.67,93.67,47,100,6.46,PH,2020-05-11 04:15:10,overcast clouds,0.0,0.0
40,Dalbandin,28.89,64.41,92.71,10,69,9.82,PK,2020-05-11 04:15:11,broken clouds,0.0,0.0
41,Santa Cruz,-17.8,-63.17,71.6,83,40,13.87,BO,2020-05-11 04:13:17,scattered clouds,0.0,0.0
42,Olafsvik,64.89,-23.71,43.07,78,98,14.07,IS,2020-05-11 04:15:08,overcast clouds,0.0,0.0
43,Tasiilaq,65.61,-37.64,28.4,79,9,6.93,GL,2020-05-11 04:15:11,clear sky,0.0,0.0
44,Kumba,4.64,9.45,72.45,96,94,0.74,CM,2020-05-11 04:15:11,overcast clouds,0.0,0.0
45,Kelamangalam,12.6,77.85,87.01,74,20,4.7,IN,2020-05-11 04:15:12,few clouds,0.0,0.0
46,Honningsvag,70.98,25.97,33.8,84,90,14.99,NO,2020-05-11 04:15:12,light snow,0.0,0.0
47,Rawson,-43.3,-65.1,52.43,58,74,24.72,AR,2020-05-11 04:15:12,broken clouds,0.0,0.0
48,Roald,62.58,6.13,36.0,84,94,5.82,NO,2020-05-11 04:15:12,light snow,0.0,0.0
49,Saldanha,-33.01,17.94,59.0,87,0,6.93,ZA,2020-05-11 04:11:18,clear sky,0.0,0.0
50,Taoudenni,22.68,-3.98,88.88,12,100,10.83,ML,2020-05-11 04:15:13,overcast clouds,0.0,0.0
51,Colon,9.36,-79.9,82.4,78,93,2.24,PA,2020-05-11 04:15:13,light rain,0.0,0.0
52,Atar,20.52,-13.05,79.11,20,23,11.32,MR,2020-05-11 04:15:14,few clouds,0.0,0.0
53,Torbay,47.67,-52.73,37.0,80,90,17.22,CA,2020-05-11 04:14:47,overcast clouds,0.0,0.0
54,Marsh Harbour,26.54,-77.06,73.27,88,100,16.24,BS,2020-05-11 04:15:15,light rain,0.0,0.0
55,Paracuru,-3.41,-39.03,78.01,84,87,1.99,BR,2020-05-11 04:15:15,light rain,0.0,0.0
56,Manbij,36.53,37.95,55.4,76,0,3.36,SY,2020-05-11 04:15:15,clear sky,0.0,0.0
57,Hambantota,6.12,81.12,84.2,94,75,6.93,LK,2020-05-11 04:15:16,broken clouds,0.0,0.0
58,Vangaindrano,-23.35,47.6,67.69,81,69,1.97,MG,2020-05-11 04:15:16,broken clouds,0.0,0.0
59,Kerouane,9.27,-9.02,72.19,93,100,3.0,GN,2020-05-11 04:15:17,overcast clouds,0.0,0.0
60,Arraial Do Cabo,-22.97,-42.03,71.33,69,0,21.85,BR,2020-05-11 04:15:17,clear sky,0.0,0.0
61,Baghdad,33.34,44.4,64.4,48,0,2.24,IQ,2020-05-11 04:12:02,clear sky,0.0,0.0
62,Harrisonburg,38.45,-78.87,55.4,50,75,9.17,US,2020-05-11 04:12:36,broken clouds,0.0,0.0
63,Aubergenville,48.96,1.85,46.99,77,100,11.01,FR,2020-05-11 04:15:17,overcast clouds,0.0,0.0
64,Kathu,7.92,98.33,78.8,88,75,3.36,TH,2020-05-11 04:15:18,light rain,0.0,0.0
65,Chirongui,-12.93,45.15,82.4,74,19,11.41,YT,2020-05-11 04:15:18,few clouds,0.0,0.0
66,Iqaluit,63.75,-68.51,24.8,73,90,25.28,CA,2020-05-11 04:13:24,light snow,0.0,0.0
67,Bredasdorp,-34.53,20.04,59.0,87,0,5.82,ZA,2020-05-11 04:15:19,clear sky,0.0,0.0
68,Lebu,-37.62,-73.65,52.11,85,76,3.62,CL,2020-05-11 04:13:34,broken clouds,0.0,0.0
69,Dikson,73.51,80.55,27.91,98,100,14.14,RU,2020-05-11 04:13:50,overcast clouds,0.0,0.0
70,Saint-Georges,12.06,-61.75,80.6,78,20,14.99,GD,2020-05-11 04:15:19,few clouds,0.0,0.0
71,Sao Joao Da Barra,-21.64,-41.05,67.21,74,2,8.28,BR,2020-05-11 04:14:17,clear sky,0.0,0.0
72,Colares,38.8,-9.45,61.0,87,54,20.49,PT,2020-05-11 04:15:19,light rain,0.0,0.0
73,Havoysund,71.0,24.66,33.8,82,90,14.99,NO,2020-05-11 04:15:20,light snow,0.0,0.0
74,Meulaboh,4.14,96.13,85.39,72,100,6.73,ID,2020-05-11 04:15:20,light rain,0.0,0.0
75,Ronne,55.1,14.71,46.4,87,100,9.17,DK,2020-05-11 04:15:21,overcast clouds,0.0,0.0
76,Voznesenye,61.01,35.48,40.6,70,80,4.16,RU,2020-05-11 04:15:21,broken clouds,0.0,0.0
77,Mar Del Plata,-38.0,-57.56,55.99,81,2,6.93,AR,2020-05-11 04:12:01,clear sky,0.0,0.0
78,Karpathos,35.51,27.21,66.2,42,59,4.7,GR,2020-05-11 04:15:21,broken clouds,0.0,0.0
79,Senneterre,48.38,-77.23,26.6,79,90,12.75,CA,2020-05-11 04:12:14,light snow,0.0,0.0
80,Adrar,20.5,-10.07,81.55,17,1,11.65,MR,2020-05-11 04:15:22,clear sky,0.0,0.0
81,Luanda,-8.84,13.23,78.8,94,75,1.9,AO,2020-05-11 04:15:22,broken clouds,0.0,0.0
82,Hithadhoo,-0.6,73.08,85.48,77,78,11.63,MV,2020-05-11 04:15:22,light rain,0.0,0.0
83,Raudeberg,61.99,5.14,36.0,88,97,3.89,NO,2020-05-11 04:15:22,overcast clouds,0.0,0.0
84,Victoria,22.29,114.16,89.01,62,27,5.99,HK,2020-05-11 04:13:05,light rain,0.0,0.0
85,Krasnoselkup,65.7,82.47,45.64,77,10,7.65,RU,2020-05-11 04:15:23,clear sky,0.0,0.0
86,Imbituba,-28.24,-48.67,68.0,88,21,8.05,BR,2020-05-11 04:15:23,few clouds,0.0,0.0
87,Busselton,-33.65,115.33,71.01,47,69,4.12,AU,2020-05-11 04:15:23,broken clouds,0.0,0.0
88,Camacha,33.08,-16.33,62.6,72,20,13.87,PT,2020-05-11 04:14:45,few clouds,0.0,0.0
89,Luderitz,-26.65,15.16,66.2,45,0,6.93,NA,2020-05-11 04:15:24,clear sky,0.0,0.0
90,Jalu,29.03,21.55,69.04,23,6,10.67,LY,2020-05-11 04:15:24,clear sky,0.0,0.0
91,Varhaug,58.61,5.65,39.2,69,20,10.29,NO,2020-05-11 04:15:24,few clouds,0.0,0.0
92,Paraopeba,-19.28,-44.4,57.2,76,0,6.93,BR,2020-05-11 04:15:24,clear sky,0.0,0.0
93,Saint Anthony,45.02,-93.22,46.4,42,90,9.17,US,2020-05-11 04:11:45,overcast clouds,0.0,0.0
94,Bokoro,12.38,17.06,81.36,14,7,4.68,TD,2020-05-11 04:15:25,clear sky,0.0,0.0
95,Mopti,14.67,-4.0,89.6,43,6,13.87,ML,2020-05-11 04:15:25,clear sky,0.0,0.0
96,Kiruna,67.86,20.23,26.6,68,97,10.29,SE,2020-05-11 04:15:26,overcast clouds,0.0,0.0
97,Buchanan,5.88,-10.05,79.34,86,100,8.34,LR,2020-05-11 04:15:26,overcast clouds,0.0,0.0
98,Pisco,-13.7,-76.22,66.2,82,19,5.82,PE,2020-05-11 04:13:47,mist,0.0,0.0
99,Ilulissat,69.22,-51.1,28.4,86,98,3.36,GL,2020-05-11 04:15:27,overcast clouds,0.0,0.0
100,Mineros,-17.12,-63.23,71.6,83,40,13.87,BO,2020-05-11 04:15:27,scattered clouds,0.0,0.0
101,Longyearbyen,78.22,15.64,19.4,62,40,3.36,SJ,2020-05-11 04:14:17,scattered clouds,0.0,0.0
102,Bambous Virieux,-20.34,57.76,73.4,56,75,11.41,MU,2020-05-11 04:15:28,broken clouds,0.0,0.0
103,Doha,25.29,51.53,87.8,43,45,17.22,QA,2020-05-11 04:14:12,dust,0.0,0.0
104,Qaqortoq,60.72,-46.03,57.2,33,54,16.11,GL,2020-05-11 04:15:28,broken clouds,0.0,0.0
105,Caravelas,-17.71,-39.25,69.73,79,10,4.07,BR,2020-05-11 04:14:25,clear sky,0.0,0.0
106,Voyvozh,62.89,54.96,47.41,88,98,6.62,RU,2020-05-11 04:15:28,overcast clouds,0.0,0.0
107,Mayumba,-3.43,10.66,76.57,87,98,3.47,GA,2020-05-11 04:15:28,overcast clouds,0.0,0.0
108,Cururupu,-1.83,-44.87,74.84,94,21,2.08,BR,2020-05-11 04:14:29,few clouds,0.0,0.0
109,Mwene-Ditu,-7.0,23.45,63.9,95,32,4.56,CD,2020-05-11 04:15:29,scattered clouds,0.0,0.0
110,Embonas,36.23,27.86,62.6,63,11,3.36,GR,2020-05-11 04:15:29,few clouds,0.0,0.0
111,Fivizzano,44.24,10.13,57.99,99,100,3.2,IT,2020-05-11 04:15:29,moderate rain,0.0,0.0
112,Oytal,42.91,73.27,70.45,44,7,3.15,KZ,2020-05-11 04:15:30,clear sky,0.0,0.0
113,Sao Mateus,-18.72,-39.86,64.56,80,27,3.71,BR,2020-05-11 04:15:30,scattered clouds,0.0,0.0
114,Maamba,-17.37,27.15,56.77,74,50,1.12,ZM,2020-05-11 04:15:30,scattered clouds,0.0,0.0
115,Kpandu,7.0,0.29,76.68,86,100,4.56,GH,2020-05-11 04:15:31,overcast clouds,0.0,0.0
116,Atasu,48.68,71.64,71.92,42,42,3.15,KZ,2020-05-11 04:15:31,scattered clouds,0.0,0.0
117,Mehamn,71.04,27.85,33.8,86,75,16.11,NO,2020-05-11 04:15:00,broken clouds,0.0,0.0
118,Upernavik,72.79,-56.15,14.05,87,95,10.98,GL,2020-05-11 04:13:33,overcast clouds,0.0,0.0
119,Valparaiso,-33.04,-71.63,59.0,82,6,5.82,CL,2020-05-11 04:15:31,clear sky,0.0,0.0
120,Itarema,-2.92,-39.92,75.87,85,62,7.58,BR,2020-05-11 04:15:32,light rain,0.0,0.0
121,Pojuca,-12.42,-38.33,77.0,88,75,5.82,BR,2020-05-11 04:15:32,broken clouds,0.0,0.0
122,Gizycko,54.04,21.76,55.92,94,95,13.78,PL,2020-05-11 04:15:32,overcast clouds,0.0,0.0
123,Canto Do Buriti,-8.11,-42.94,69.3,87,6,4.43,BR,2020-05-11 04:15:32,clear sky,0.0,0.0
124,Assai,-23.37,-50.84,57.61,90,0,5.5,BR,2020-05-11 04:15:32,clear sky,0.0,0.0
125,Suluq,31.67,20.25,72.39,19,3,14.5,LY,2020-05-11 04:15:33,clear sky,0.0,0.0
126,Souillac,-20.52,57.52,73.4,56,75,11.41,MU,2020-05-11 04:13:41,broken clouds,0.0,0.0
127,Daoukro,7.06,-3.96,74.23,96,96,4.18,CI,2020-05-11 04:15:33,heavy intensity rain,0.0,0.0
128,Pasni,25.26,63.47,83.23,74,11,8.14,PK,2020-05-11 04:15:33,few clouds,0.0,0.0
129,Castro,-24.79,-50.01,52.56,92,0,4.41,BR,2020-05-11 04:15:34,clear sky,0.0,0.0
130,Plettenberg Bay,-34.05,23.37,61.05,69,0,4.54,ZA,2020-05-11 04:15:27,clear sky,0.0,0.0
131,Saint-Leu,-21.15,55.28,71.6,60,75,6.93,RE,2020-05-11 04:15:34,broken clouds,0.0,0.0
132,Methoni,36.82,21.7,61.0,87,40,8.72,GR,2020-05-11 04:15:34,scattered clouds,0.0,0.0
133,Ostrovnoy,68.05,39.51,36.01,84,100,22.39,RU,2020-05-11 04:15:34,overcast clouds,0.0,0.0
134,Yantzaza,-3.83,-78.76,66.99,84,33,1.03,EC,2020-05-11 04:15:34,scattered clouds,0.0,0.0
135,Ylivieska,64.08,24.55,35.01,94,100,5.01,FI,2020-05-11 04:15:35,overcast clouds,0.0,0.0
136,Sinnamary,5.38,-52.95,78.12,90,99,14.88,GF,2020-05-11 04:15:35,moderate rain,0.0,0.0
137,Agadez,19.75,10.25,74.77,15,0,3.36,NE,2020-05-11 04:15:35,clear sky,0.0,0.0
138,Paamiut,61.99,-49.67,41.36,77,100,11.7,GL,2020-05-11 04:15:35,overcast clouds,0.0,0.0
139,Salalah,17.02,54.09,82.4,83,20,4.7,OM,2020-05-11 04:13:46,few clouds,0.0,0.0
140,Los Llanos De Aridane,28.66,-17.92,66.2,77,26,5.82,ES,2020-05-11 04:15:36,scattered clouds,0.0,0.0
141,Trincomalee,8.57,81.23,85.87,72,84,3.49,LK,2020-05-11 04:15:36,broken clouds,0.0,0.0
142,Buxton,53.26,-1.91,37.0,89,7,1.01,GB,2020-05-11 04:15:36,clear sky,0.0,0.0
143,Puerto El Triunfo,13.28,-88.55,73.4,94,90,4.7,SV,2020-05-11 04:15:36,thunderstorm with light rain,0.0,0.0
144,Verkhnyaya Inta,65.98,60.31,42.31,80,70,9.24,RU,2020-05-11 04:15:36,broken clouds,0.0,0.0
145,Lagoa,39.05,-27.98,57.18,73,43,23.78,PT,2020-05-11 04:14:10,scattered clouds,0.0,0.0
146,Villanueva,15.32,-88.0,77.23,81,19,1.39,HN,2020-05-11 04:14:25,few clouds,0.0,0.0
147,Stromness,58.97,-3.3,37.99,64,98,10.29,GB,2020-05-11 04:12:48,light snow,0.0,0.0
148,Goryachegorsk,55.41,88.92,74.88,30,0,3.89,RU,2020-05-11 04:15:37,clear sky,0.0,0.0
149,Lasa,46.62,10.7,52.0,100,90,17.22,IT,2020-05-11 04:15:37,light rain,0.0,0.0
150,Mumford,5.26,-0.76,75.38,87,100,6.98,GH,2020-05-11 04:15:38,light rain,0.0,0.0
151,Nakuru,-0.28,36.07,58.96,88,82,7.7,KE,2020-05-11 04:15:38,broken clouds,0.0,0.0
152,Inirida,3.87,-67.92,73.8,96,80,2.48,CO,2020-05-11 04:15:38,broken clouds,0.0,0.0
153,Talcahuano,-36.72,-73.12,48.2,100,75,2.24,CL,2020-05-11 04:14:59,mist,0.0,0.0
154,Altay,47.87,88.12,71.33,19,68,5.55,CN,2020-05-11 04:15:38,broken clouds,0.0,0.0
155,Bandarbeyla,9.49,50.81,82.47,73,70,10.16,SO,2020-05-11 04:13:44,broken clouds,0.0,0.0
156,Anloga,5.79,0.9,77.0,94,20,2.24,GH,2020-05-11 04:15:39,few clouds,0.0,0.0
157,Iralaya,15.0,-83.23,81.18,84,100,9.46,HN,2020-05-11 04:15:39,overcast clouds,0.0,0.0
158,Thunder Bay,48.4,-89.32,33.8,40,40,6.93,CA,2020-05-11 04:14:04,scattered clouds,0.0,0.0
159,Port-Gentil,-0.72,8.78,76.69,85,100,6.6,GA,2020-05-11 04:14:16,light rain,0.0,0.0
160,Tipperary,52.47,-8.16,37.0,74,14,4.0,IE,2020-05-11 04:15:39,few clouds,0.0,0.0
161,Lujan,-34.57,-59.1,66.99,72,92,1.01,AR,2020-05-11 04:15:40,overcast clouds,0.0,0.0
162,Otavi,-19.65,17.33,62.13,40,45,10.42,NA,2020-05-11 04:15:40,scattered clouds,0.0,0.0
163,Bani,18.28,-70.33,80.01,78,100,7.58,DO,2020-05-11 04:12:33,overcast clouds,0.0,0.0
164,Kavaratti,10.57,72.64,87.8,70,40,6.93,IN,2020-05-11 04:15:40,scattered clouds,0.0,0.0
165,Kongolo,-5.38,27.0,67.78,95,81,3.22,CD,2020-05-11 04:15:41,broken clouds,0.0,0.0
166,Cidreira,-30.18,-50.21,65.95,71,100,8.34,BR,2020-05-11 04:15:41,overcast clouds,0.0,0.0
167,Bubaque,11.28,-15.83,77.41,72,0,8.39,GW,2020-05-11 04:15:03,clear sky,0.0,0.0
168,Issa,53.87,44.86,48.88,87,6,6.98,RU,2020-05-11 04:15:41,clear sky,0.0,0.0
169,Omboue,-1.57,9.26,73.58,91,100,0.38,GA,2020-05-11 04:14:53,overcast clouds,0.0,0.0
170,Bulawayo,-20.15,28.58,47.61,95,19,7.83,ZW,2020-05-11 04:15:41,few clouds,0.0,0.0
171,Muisne,0.6,-80.03,78.33,86,80,8.88,EC,2020-05-11 04:15:42,broken clouds,0.0,0.0
172,Oksfjord,70.24,22.35,33.8,74,22,18.34,NO,2020-05-11 04:15:42,few clouds,0.0,0.0
173,Giresun,40.5,38.5,48.2,87,30,1.12,TR,2020-05-11 04:15:42,scattered clouds,0.0,0.0
174,Umm Kaddadah,13.6,26.69,77.18,16,9,13.8,SD,2020-05-11 04:15:42,clear sky,0.0,0.0
175,Buraydah,26.33,43.98,77.0,44,99,9.17,SA,2020-05-11 04:15:43,overcast clouds,0.0,0.0
176,Conde,-7.26,-34.91,75.2,94,20,5.82,BR,2020-05-11 04:15:10,few clouds,0.0,0.0
177,Viedma,-40.81,-63.0,55.54,51,0,21.47,AR,2020-05-11 04:15:43,clear sky,0.0,0.0
178,Yar-Sale,66.83,70.83,33.55,99,93,7.56,RU,2020-05-11 04:13:53,overcast clouds,0.0,0.0
179,Nanortalik,60.14,-45.24,43.36,79,70,19.35,GL,2020-05-11 04:15:43,broken clouds,0.0,0.0
180,Ponta Delgada,37.73,-25.67,57.2,58,75,5.82,PT,2020-05-11 04:15:44,broken clouds,0.0,0.0
181,Sisimiut,66.94,-53.67,42.55,67,100,7.49,GL,2020-05-11 04:15:44,overcast clouds,0.0,0.0
182,Tonantins,-2.87,-67.8,71.82,98,52,0.92,BR,2020-05-11 04:11:44,broken clouds,0.0,0.0
183,Robertsport,6.75,-11.37,79.72,86,80,9.42,LR,2020-05-11 04:15:44,light rain,0.0,0.0
184,Mbaiki,3.87,17.99,70.32,99,99,2.3,CF,2020-05-11 04:15:44,light rain,0.0,0.0
185,Thinadhoo,0.53,72.93,85.59,78,26,14.16,MV,2020-05-11 04:11:04,light rain,0.0,0.0
186,Slobodskoy,58.73,50.18,53.71,82,0,6.04,RU,2020-05-11 04:15:45,clear sky,0.0,0.0
187,Grindavik,63.84,-22.43,42.8,87,75,10.29,IS,2020-05-11 04:15:45,shower rain,0.0,0.0
188,Rio Grande,-32.03,-52.1,60.01,83,0,13.65,BR,2020-05-11 04:15:45,clear sky,0.0,0.0
189,Nowy Tomysl,52.32,16.13,59.0,100,68,2.24,PL,2020-05-11 04:15:45,broken clouds,0.0,0.0
190,Natal,-5.79,-35.21,75.2,100,40,4.7,BR,2020-05-11 04:11:03,scattered clouds,0.0,0.0
191,Itagi,-14.16,-40.01,66.02,80,60,2.44,BR,2020-05-11 04:15:46,broken clouds,0.0,0.0
192,Pedernales,18.04,-71.74,79.18,58,82,6.55,DO,2020-05-11 04:15:46,broken clouds,0.0,0.0
193,Porto Velho,-8.76,-63.9,78.8,94,20,1.12,BR,2020-05-11 04:11:32,few clouds,0.0,0.0
194,Beloha,-25.17,45.05,62.64,86,0,9.78,MG,2020-05-11 04:15:47,clear sky,0.0,0.0
195,Cartagena,10.4,-75.51,81.3,86,0,9.46,CO,2020-05-11 04:15:47,clear sky,0.0,0.0
196,Hornepayne,49.21,-84.77,17.58,93,89,10.0,CA,2020-05-11 04:15:47,overcast clouds,0.0,0.0
197,Ferrol,43.48,-8.24,48.2,100,90,4.7,ES,2020-05-11 04:15:48,fog,0.0,0.0
198,Broadstairs,51.36,1.44,46.99,51,64,11.99,GB,2020-05-11 04:15:48,broken clouds,0.0,0.0
199,Andros,37.83,24.93,69.01,43,94,11.01,GR,2020-05-11 04:15:48,overcast clouds,0.0,0.0
200,Morant Bay,17.88,-76.41,82.4,69,20,19.46,JM,2020-05-11 04:15:49,few clouds,0.0,0.0
201,Bathsheba,13.22,-59.52,80.6,78,40,20.8,BB,2020-05-11 04:15:49,scattered clouds,0.0,0.0
202,Zambezi,-13.54,23.1,55.33,89,23,4.61,ZM,2020-05-11 04:15:49,few clouds,0.0,0.0
203,Gazanjyk,39.24,55.52,65.08,69,43,22.19,TM,2020-05-11 04:15:49,scattered clouds,0.0,0.0
204,Port Blair,11.67,92.75,87.3,67,100,10.22,IN,2020-05-11 04:13:28,moderate rain,0.0,0.0
205,Marfino,55.7,37.38,51.01,53,46,4.47,RU,2020-05-11 04:15:50,scattered clouds,0.0,0.0
206,Garoua,9.3,13.4,85.23,59,92,3.65,CM,2020-05-11 04:15:50,overcast clouds,0.0,0.0
207,Tukrah,32.53,20.58,76.41,19,13,24.0,LY,2020-05-11 04:14:48,few clouds,0.0,0.0
208,Huarmey,-10.07,-78.15,67.23,84,69,8.25,PE,2020-05-11 04:15:50,broken clouds,0.0,0.0
209,Codrington,-38.27,141.97,62.13,57,60,10.51,AU,2020-05-11 04:15:51,broken clouds,0.0,0.0
210,Ancud,-41.87,-73.82,48.99,100,75,2.24,CL,2020-05-11 04:14:21,broken clouds,0.0,0.0
211,Klaksvik,62.23,-6.59,33.8,80,89,1.12,FO,2020-05-11 04:15:51,freezing rain,0.0,0.0
212,Puerto Madryn,-42.77,-65.04,52.68,57,18,26.73,AR,2020-05-11 04:12:53,few clouds,0.0,0.0
213,Iracoubo,5.48,-53.2,77.97,90,94,15.46,GF,2020-05-11 04:15:52,heavy intensity rain,0.0,0.0
214,Belyy Yar,53.6,91.39,68.0,37,22,2.24,RU,2020-05-11 04:15:52,few clouds,0.0,0.0
215,Surt,31.21,16.59,81.43,16,78,19.66,LY,2020-05-11 04:15:52,broken clouds,0.0,0.0
216,Galle,6.04,80.22,86.11,68,100,2.39,LK,2020-05-11 04:13:47,overcast clouds,0.0,0.0
217,Wexford,52.33,-6.46,43.0,60,0,4.0,IE,2020-05-11 04:15:53,clear sky,0.0,0.0
218,Chapais,49.78,-74.85,23.0,79,90,18.34,CA,2020-05-11 04:15:53,overcast clouds,0.0,0.0
219,Mayor Pablo Lagerenza,-19.93,-60.77,78.37,64,0,12.03,PY,2020-05-11 04:15:53,clear sky,0.0,0.0
220,Klishkivtsi,48.43,26.26,55.99,64,85,5.01,UA,2020-05-11 04:15:53,overcast clouds,0.0,0.0
221,Marystown,47.17,-55.15,33.24,93,26,17.34,CA,2020-05-11 04:15:53,scattered clouds,0.0,0.0
222,Liwale,-9.77,37.93,65.12,86,63,5.1,TZ,2020-05-11 04:15:54,broken clouds,0.0,0.0
223,Moen,69.13,18.61,32.0,95,75,24.16,NO,2020-05-11 04:15:54,shower rain,0.0,0.0
224,Guarapari,-20.67,-40.5,66.0,93,66,2.24,BR,2020-05-11 04:15:54,broken clouds,0.0,0.0
225,Lac-Megantic,45.58,-70.88,42.8,84,90,13.87,CA,2020-05-11 04:15:54,overcast clouds,0.0,0.0
226,Tubuala,9.52,-79.03,82.4,78,100,2.24,PA,2020-05-11 04:15:55,overcast clouds,0.0,0.0
227,Santa Maria,-29.68,-53.81,66.07,71,85,6.15,BR,2020-05-11 04:15:55,overcast clouds,0.0,0.0
228,Saint George,37.1,-113.58,75.2,36,40,19.46,US,2020-05-11 04:15:55,scattered clouds,0.0,0.0
229,Dzilam Gonzalez,21.28,-88.93,75.33,89,51,4.99,MX,2020-05-11 04:15:56,broken clouds,0.0,0.0
230,Sur,22.57,59.53,91.83,31,18,6.17,OM,2020-05-11 04:15:56,few clouds,0.0,0.0
231,Boden,65.83,21.69,32.0,95,99,16.11,SE,2020-05-11 04:15:56,overcast clouds,0.0,0.0
232,Grand Gaube,-20.01,57.66,73.0,63,100,3.0,MU,2020-05-11 04:15:56,overcast clouds,0.0,0.0
233,Brigantine,39.41,-74.36,53.6,62,1,10.29,US,2020-05-11 04:13:32,clear sky,0.0,0.0
234,Namibe,-15.2,12.15,77.76,50,37,1.99,AO,2020-05-11 04:14:29,scattered clouds,0.0,0.0
235,Parakou,9.34,2.63,73.85,91,100,5.97,BJ,2020-05-11 04:15:57,overcast clouds,0.0,0.0
236,Eyemouth,55.87,-2.09,37.99,76,99,20.38,GB,2020-05-11 04:15:57,overcast clouds,0.0,0.0
237,Maceio,-9.67,-35.74,73.4,100,75,2.24,BR,2020-05-11 04:15:57,light rain,0.0,0.0
238,Vestmannaeyjar,63.44,-20.27,42.53,77,24,15.88,IS,2020-05-11 04:15:58,few clouds,0.0,0.0
239,Menongue,-14.66,17.69,61.99,67,100,3.58,AO,2020-05-11 04:15:58,overcast clouds,0.0,0.0
240,Minab,27.15,57.08,86.0,51,92,2.24,IR,2020-05-11 04:15:58,overcast clouds,0.0,0.0
241,Nunchia,5.64,-72.2,73.33,86,52,2.21,CO,2020-05-11 04:15:58,light rain,0.0,0.0
242,Longido,-2.73,36.68,61.39,86,76,7.25,TZ,2020-05-11 04:15:58,broken clouds,0.0,0.0
243,Mitsamiouli,-11.38,43.28,81.19,75,83,7.2,KM,2020-05-11 04:15:59,moderate rain,0.0,0.0
244,Andilamena,-17.02,48.58,62.15,87,93,8.46,MG,2020-05-11 04:15:59,overcast clouds,0.0,0.0
245,Jumla,29.27,82.18,63.41,42,60,4.43,NP,2020-05-11 04:12:01,light rain,0.0,0.0
246,Deep River,46.1,-77.5,39.2,55,90,8.05,CA,2020-05-11 04:15:59,overcast clouds,0.0,0.0
247,Aviles,43.55,-5.92,54.0,100,77,3.36,ES,2020-05-11 04:15:59,broken clouds,0.0,0.0
248,Kajaani,64.23,27.73,32.0,97,90,8.05,FI,2020-05-11 04:16:00,overcast clouds,0.0,0.0
249,Gujar Khan,33.26,73.3,82.99,51,100,12.75,PK,2020-05-11 04:16:00,light rain,0.0,0.0
250,Utiel,39.57,-1.2,52.0,82,6,4.0,ES,2020-05-11 04:16:00,clear sky,0.0,0.0
251,Kaka,37.35,59.61,75.88,46,0,20.92,TM,2020-05-11 04:16:00,clear sky,0.0,0.0
252,Tangwani,28.28,69.0,86.0,58,46,9.17,PK,2020-05-11 04:16:01,haze,0.0,0.0
253,Sao Jose Da Coroa Grande,-8.9,-35.15,77.63,85,97,6.24,BR,2020-05-11 04:16:01,light rain,0.0,0.0
254,Belaya Kalitva,48.17,40.78,56.25,78,99,13.76,RU,2020-05-11 04:16:01,overcast clouds,0.0,0.0
255,Wilmington,34.23,-77.94,57.2,82,20,8.16,US,2020-05-11 04:12:30,few clouds,0.0,0.0
256,Moanda,-1.56,13.22,69.03,98,80,1.1,GA,2020-05-11 04:16:02,broken clouds,0.0,0.0
257,Gilgit,35.92,74.31,67.26,26,90,2.08,PK,2020-05-11 04:16:02,overcast clouds,0.0,0.0
258,De Aar,-30.65,24.01,51.42,46,0,2.44,ZA,2020-05-11 04:16:02,clear sky,0.0,0.0
259,Koping,59.51,15.99,36.0,74,15,10.29,SE,2020-05-11 04:16:02,few clouds,0.0,0.0
260,Santa Isabel Do Rio Negro,-0.41,-65.02,73.35,98,99,1.9,BR,2020-05-11 04:16:03,overcast clouds,0.0,0.0
261,Peski,55.22,38.76,53.6,58,87,6.71,RU,2020-05-11 04:16:03,overcast clouds,0.0,0.0
262,Epping,-33.77,151.08,68.0,93,0,5.37,AU,2020-05-11 04:16:03,clear sky,0.0,0.0
263,Mangrol,21.12,70.12,86.65,59,0,7.27,IN,2020-05-11 04:16:03,clear sky,0.0,0.0
264,Tabou,4.42,-7.35,79.93,85,99,9.48,CI,2020-05-11 04:16:04,light rain,0.0,0.0
265,Macae,-22.37,-41.79,63.72,76,0,7.72,BR,2020-05-11 04:16:04,clear sky,0.0,0.0
266,Barra Do Bugres,-15.07,-57.18,71.58,93,62,4.09,BR,2020-05-11 04:16:04,broken clouds,0.0,0.0
267,Ilheus,-14.79,-39.05,70.74,80,77,8.93,BR,2020-05-11 04:12:57,broken clouds,0.0,0.0
268,Ongandjera,-17.88,15.07,68.83,44,60,8.43,NA,2020-05-11 04:16:05,broken clouds,0.0,0.0
269,Skibbereen,51.55,-9.27,39.2,60,75,16.11,IE,2020-05-11 04:16:05,broken clouds,0.0,0.0
270,Humaita,-7.51,-63.02,74.23,97,32,1.41,BR,2020-05-11 04:16:05,moderate rain,0.0,0.0
271,Am Timan,11.03,20.28,82.56,53,21,7.38,TD,2020-05-11 04:16:05,few clouds,0.0,0.0
272,Kabinda,-6.13,24.48,66.34,89,68,4.32,CD,2020-05-11 04:16:05,broken clouds,0.0,0.0
273,Florida,28.75,-82.5,68.0,88,1,6.31,US,2020-05-11 04:16:06,clear sky,0.0,0.0
274,Kamenka,51.32,42.77,51.01,88,100,7.0,RU,2020-05-11 04:16:06,overcast clouds,0.0,0.0
275,Shahr-E Kord,32.33,50.86,57.2,33,92,6.93,IR,2020-05-11 04:16:06,overcast clouds,0.0,0.0
276,Rocha,-34.48,-54.33,66.18,77,57,10.71,UY,2020-05-11 04:16:06,light rain,0.0,0.0
277,La Roche-Sur-Yon,46.67,-1.43,51.8,93,100,21.92,FR,2020-05-11 04:16:06,light rain,0.0,0.0
278,Tselinnoye,53.08,85.67,76.48,31,76,5.57,RU,2020-05-11 04:16:07,broken clouds,0.0,0.0
279,Kadnikov,59.5,40.34,49.62,72,69,3.42,RU,2020-05-11 04:16:07,broken clouds,0.0,0.0
280,Severodvinsk,64.56,39.83,39.2,80,87,4.47,RU,2020-05-11 04:16:07,overcast clouds,0.0,0.0
281,Laguna,38.42,-121.42,62.01,59,1,11.41,US,2020-05-11 04:16:08,clear sky,0.0,0.0
282,Tambura,5.6,27.47,69.57,94,98,3.47,SS,2020-05-11 04:16:08,light rain,0.0,0.0
283,Leshukonskoye,64.9,45.76,40.19,86,10,4.79,RU,2020-05-11 04:16:08,clear sky,0.0,0.0
284,San Borja,-14.82,-66.85,70.11,88,100,2.19,BO,2020-05-11 04:16:08,overcast clouds,0.0,0.0
285,Korla,41.76,86.15,73.65,16,100,7.87,CN,2020-05-11 04:14:16,overcast clouds,0.0,0.0
286,Blind River,46.18,-82.96,39.2,55,90,14.99,CA,2020-05-11 04:16:09,overcast clouds,0.0,0.0
287,Nouadhibou,20.93,-17.03,66.56,79,62,22.39,MR,2020-05-11 04:16:09,broken clouds,0.0,0.0
288,Kutum,14.2,24.67,64.83,25,0,4.38,SD,2020-05-11 04:16:09,clear sky,0.0,0.0
289,Muyezerskiy,63.93,31.65,41.74,65,94,13.91,RU,2020-05-11 04:16:09,overcast clouds,0.0,0.0
290,Nioro,13.35,-15.75,69.76,84,32,5.99,GM,2020-05-11 04:16:10,scattered clouds,0.0,0.0
291,Coihaique,-45.58,-72.07,37.4,93,29,3.36,CL,2020-05-11 04:16:10,scattered clouds,0.0,0.0
292,Mehran,33.12,46.16,57.2,47,0,4.7,IR,2020-05-11 04:16:11,clear sky,0.0,0.0
293,Raga,8.46,25.68,77.22,66,98,3.4,SS,2020-05-11 04:16:11,overcast clouds,0.0,0.0
294,Caibarien,22.52,-79.47,71.6,100,75,3.36,CU,2020-05-11 04:16:11,light rain,0.0,0.0
295,Mugango,-1.68,33.7,65.46,87,83,5.14,TZ,2020-05-11 04:16:11,broken clouds,0.0,0.0
296,Isabela,6.71,121.97,89.6,70,20,5.82,PH,2020-05-11 04:16:12,few clouds,0.0,0.0
297,Najran,17.49,44.13,71.6,49,0,3.18,SA,2020-05-11 04:13:31,clear sky,0.0,0.0
298,Qasigiannguit,68.82,-51.19,28.4,86,100,3.36,GL,2020-05-11 04:13:37,overcast clouds,0.0,0.0
299,Antofagasta,-23.65,-70.4,60.8,77,90,8.05,CL,2020-05-11 04:16:12,overcast clouds,0.0,0.0
300,Jacareacanga,-6.22,-57.75,73.56,96,99,1.86,BR,2020-05-11 04:16:12,overcast clouds,0.0,0.0
301,Mugla,37.23,28.36,55.4,87,75,4.7,TR,2020-05-11 04:16:13,broken clouds,0.0,0.0
302,Darnah,32.77,22.64,70.59,36,0,20.51,LY,2020-05-11 04:12:23,clear sky,0.0,0.0
303,Loubomo,-4.2,12.67,71.15,97,100,1.81,CG,2020-05-11 04:16:14,light rain,0.0,0.0
304,Veraval,20.9,70.37,86.92,57,0,5.64,IN,2020-05-11 04:16:14,clear sky,0.0,0.0
305,Kotovo,50.32,44.8,49.8,91,100,15.7,RU,2020-05-11 04:16:14,light rain,0.0,0.0
306,Duku,11.24,4.91,80.6,69,100,5.28,NG,2020-05-11 04:16:15,overcast clouds,0.0,0.0
307,Sardinata,8.08,-72.8,77.94,67,4,3.8,CO,2020-05-11 04:16:15,clear sky,0.0,0.0
308,Tazovskiy,67.47,78.7,32.52,100,100,0.83,RU,2020-05-11 04:16:15,light rain,0.0,0.0
309,Kemijarvi,66.71,27.43,31.8,98,100,5.26,FI,2020-05-11 04:16:15,light snow,0.0,0.0
310,Murdochville,48.96,-65.5,30.69,99,65,12.88,CA,2020-05-11 04:16:15,broken clouds,0.0,0.0
311,Kudahuvadhoo,2.67,72.89,85.75,79,99,16.82,MV,2020-05-11 04:16:16,moderate rain,0.0,0.0
312,Tabuk,17.42,121.44,91.02,55,1,5.77,PH,2020-05-11 04:16:16,clear sky,0.0,0.0
313,Andenes,69.31,16.12,33.8,82,94,12.75,NO,2020-05-11 04:14:49,light snow,0.0,0.0
314,Saint-Francois,46.42,3.91,57.2,87,100,2.24,FR,2020-05-11 04:16:16,light rain,0.0,0.0
315,Fatick,14.36,-16.59,75.2,73,39,2.24,SN,2020-05-11 04:16:16,scattered clouds,0.0,0.0
316,Atbasar,51.8,68.33,72.86,49,0,3.29,KZ,2020-05-11 04:16:17,clear sky,0.0,0.0
317,Kanniyakumari,8.08,77.57,87.31,66,78,1.86,IN,2020-05-11 04:16:17,broken clouds,0.0,0.0
318,Pankrushikha,53.83,80.34,74.41,38,50,4.34,RU,2020-05-11 04:16:17,scattered clouds,0.0,0.0
319,Dawlatabad,36.41,64.91,82.71,32,0,1.12,AF,2020-05-11 04:16:17,clear sky,0.0,0.0
320,Quimper,48.0,-4.1,48.2,81,90,23.04,FR,2020-05-11 04:16:17,overcast clouds,0.0,0.0
321,Necochea,-38.55,-58.74,54.0,59,0,8.01,AR,2020-05-11 04:15:29,clear sky,0.0,0.0
322,Cabedelo,-6.98,-34.83,75.2,94,20,5.82,BR,2020-05-11 04:16:18,few clouds,0.0,0.0
323,Iesolo,45.53,12.64,62.6,93,75,10.29,IT,2020-05-11 04:16:18,light rain,0.0,0.0
324,Bahia Blanca,-38.72,-62.27,57.43,37,0,16.49,AR,2020-05-11 04:15:05,clear sky,0.0,0.0
325,Henties Bay,-22.12,14.28,69.08,48,27,0.98,NA,2020-05-11 04:16:18,scattered clouds,0.0,0.0
326,Cayenne,4.93,-52.33,77.0,100,90,2.24,GF,2020-05-11 04:13:25,overcast clouds,0.0,0.0
327,Mabaruma,8.2,-59.78,75.65,86,29,4.05,GY,2020-05-11 04:16:19,scattered clouds,0.0,0.0
328,Vista Hermosa,19.52,-99.22,60.01,67,75,13.87,MX,2020-05-11 04:16:19,broken clouds,0.0,0.0
329,Noyabrsk,63.2,75.45,67.87,43,100,13.2,RU,2020-05-11 04:16:19,overcast clouds,0.0,0.0
330,Praia,14.92,-23.51,71.6,78,40,17.22,CV,2020-05-11 04:12:46,scattered clouds,0.0,0.0
331,Bisira,8.52,-81.71,62.11,100,100,3.31,PA,2020-05-11 04:16:19,overcast clouds,0.0,0.0
332,Padre Bernardo,-15.35,-48.5,63.03,89,5,3.76,BR,2020-05-11 04:16:21,clear sky,0.0,0.0
333,Oum Hadjer,13.3,19.7,80.38,15,82,9.78,TD,2020-05-11 04:16:21,broken clouds,0.0,0.0
334,Sokoni,-6.43,39.55,79.88,80,61,16.35,TZ,2020-05-11 04:16:22,broken clouds,0.0,0.0
335,Aguimes,27.91,-15.45,68.0,68,75,16.11,ES,2020-05-11 04:16:22,broken clouds,0.0,0.0
336,Anavra,39.2,22.08,55.4,93,75,2.93,GR,2020-05-11 04:16:22,broken clouds,0.0,0.0
337,Tamandare,-8.76,-35.1,77.76,85,100,6.46,BR,2020-05-11 04:16:23,light rain,0.0,0.0
338,Leh,34.17,77.58,42.35,55,60,2.21,IN,2020-05-11 04:15:37,broken clouds,0.0,0.0
339,Cockburn Town,21.46,-71.14,80.15,81,100,24.94,TC,2020-05-11 04:14:26,overcast clouds,0.0,0.0
340,Tabas,33.6,56.92,77.0,29,39,2.24,IR,2020-05-11 04:16:23,scattered clouds,0.0,0.0
341,Turukhansk,65.82,87.98,51.06,64,1,10.87,RU,2020-05-11 04:16:24,clear sky,0.0,0.0
342,Dharchula,29.85,80.53,73.6,40,22,3.53,IN,2020-05-11 04:16:24,few clouds,0.0,0.0
343,Cuamba,-14.8,36.54,59.63,96,91,4.29,MZ,2020-05-11 04:14:50,overcast clouds,0.0,0.0
344,Micheweni,-4.97,39.83,79.68,78,100,12.97,TZ,2020-05-11 04:16:24,light rain,0.0,0.0
345,Patacamaya,-17.23,-67.92,46.51,53,1,2.37,BO,2020-05-11 04:16:25,clear sky,0.0,0.0
346,Takoradi,4.88,-1.76,73.62,91,100,2.57,GH,2020-05-11 04:16:25,moderate rain,0.0,0.0
347,Dodola,6.98,39.18,54.25,88,80,3.51,ET,2020-05-11 04:16:25,broken clouds,0.0,0.0
348,Bartoszyce,54.25,20.81,57.2,94,100,13.31,PL,2020-05-11 04:16:25,light rain,0.0,0.0
349,Urumqi,43.8,87.6,77.0,13,87,11.18,CN,2020-05-11 04:13:25,overcast clouds,0.0,0.0
350,Itaueira,-7.6,-43.03,69.57,88,6,5.64,BR,2020-05-11 04:16:26,clear sky,0.0,0.0
351,Chachapoyas,-6.23,-77.87,55.26,89,80,1.61,PE,2020-05-11 04:16:26,broken clouds,0.0,0.0
352,Eyl,7.98,49.82,83.14,72,60,4.32,SO,2020-05-11 04:16:27,broken clouds,0.0,0.0
353,Margate,51.38,1.39,46.99,37,63,20.0,GB,2020-05-11 04:14:32,broken clouds,0.0,0.0
354,Napasar,27.97,73.55,102.65,15,5,17.05,IN,2020-05-11 04:16:27,clear sky,0.0,0.0
355,Muros,42.78,-9.06,53.01,90,7,5.99,ES,2020-05-11 04:16:27,clear sky,0.0,0.0
356,Thompson,55.74,-97.86,24.8,49,5,6.93,CA,2020-05-11 04:16:28,clear sky,0.0,0.0
357,Belz,47.68,-3.17,48.99,79,100,15.01,FR,2020-05-11 04:16:28,overcast clouds,0.0,0.0
358,Ghugus,19.93,79.13,97.86,28,10,5.95,IN,2020-05-11 04:16:28,clear sky,0.0,0.0
359,Tambacounda,13.75,-13.76,84.2,45,10,6.93,SN,2020-05-11 04:16:29,clear sky,0.0,0.0
360,Harper,4.38,-7.72,80.47,84,100,10.78,LR,2020-05-11 04:16:29,moderate rain,0.0,0.0
361,Miraflores,19.22,-98.81,60.01,67,75,13.87,MX,2020-05-11 04:16:30,broken clouds,0.0,0.0
362,Ampanihy,-24.7,44.75,59.68,91,0,6.69,MG,2020-05-11 04:16:30,clear sky,0.0,0.0
363,Kachiry,53.07,76.1,76.42,31,9,2.75,KZ,2020-05-11 04:16:30,clear sky,0.0,0.0
364,Mahajanga,-15.72,46.32,71.6,73,20,5.82,MG,2020-05-11 04:15:06,few clouds,0.0,0.0
365,Stanghelle,60.55,5.74,35.01,94,75,11.41,NO,2020-05-11 04:16:30,broken clouds,0.0,0.0
366,Mount Pleasant,32.79,-79.86,62.01,100,75,9.66,US,2020-05-11 04:15:40,broken clouds,0.0,0.0
367,Aljezur,37.32,-8.8,63.0,93,54,13.11,PT,2020-05-11 04:16:31,broken clouds,0.0,0.0
368,Biltine,14.53,20.92,82.58,14,0,17.34,TD,2020-05-11 04:14:45,clear sky,0.0,0.0
369,Mitu,1.2,-70.17,72.37,98,19,1.12,CO,2020-05-11 04:16:31,few clouds,0.0,0.0
370,Grand-Santi,4.25,-54.38,73.18,97,96,1.97,GF,2020-05-11 04:16:31,overcast clouds,0.0,0.0
371,Horodnya,51.89,31.6,52.09,78,0,4.61,UA,2020-05-11 04:16:31,clear sky,0.0,0.0
372,Gewane,10.17,40.65,83.14,54,0,3.67,ET,2020-05-11 04:16:32,clear sky,0.0,0.0
373,Zhanaozen,43.3,52.8,54.99,81,100,20.11,KZ,2020-05-11 04:16:32,light rain,0.0,0.0
374,Foki,56.69,54.35,59.27,62,100,4.43,RU,2020-05-11 04:16:32,overcast clouds,0.0,0.0
375,Hamilton,39.18,-84.53,46.99,67,13,5.01,US,2020-05-11 04:14:38,few clouds,0.0,0.0
376,Kuraymah,18.55,31.85,76.84,17,0,9.37,SD,2020-05-11 04:16:32,clear sky,0.0,0.0
377,Athens,37.98,23.72,64.99,67,20,1.97,GR,2020-05-11 04:12:19,few clouds,0.0,0.0
378,Ciudad Bolivar,8.12,-63.55,79.93,63,10,14.76,VE,2020-05-11 04:16:33,clear sky,0.0,0.0
379,Bonavista,48.65,-53.11,33.1,92,10,21.99,CA,2020-05-11 04:14:41,clear sky,0.0,0.0
380,Clyde River,70.47,-68.59,12.2,85,90,5.82,CA,2020-05-11 04:16:34,overcast clouds,0.0,0.0
381,Batticaloa,7.71,81.69,86.22,70,100,4.54,LK,2020-05-11 04:16:26,overcast clouds,0.0,0.0
382,Gorlice,49.66,21.16,60.01,83,33,10.92,PL,2020-05-11 04:16:34,scattered clouds,0.0,0.0
383,Abu Samrah,35.3,37.18,61.43,51,0,3.87,SY,2020-05-11 04:16:34,clear sky,0.0,0.0
384,Dondo,-19.61,34.74,66.2,93,20,5.82,MZ,2020-05-11 04:16:35,few clouds,0.0,0.0
385,Semnan,35.57,53.4,68.92,36,0,7.96,IR,2020-05-11 04:16:35,clear sky,0.0,0.0
386,Dera Ismail Khan,31.83,70.9,94.87,24,94,7.76,PK,2020-05-11 04:16:35,overcast clouds,0.0,0.0
387,Cravo Norte,6.3,-70.2,79.32,81,48,2.24,CO,2020-05-11 04:16:36,scattered clouds,0.0,0.0
388,Witu,-2.39,40.44,76.08,92,100,13.87,KE,2020-05-11 04:16:36,light rain,0.0,0.0
389,Bowling Green,36.99,-86.44,51.8,53,1,3.36,US,2020-05-11 04:15:23,clear sky,0.0,0.0
390,Matay,28.42,30.78,62.26,59,0,9.55,EG,2020-05-11 04:16:37,clear sky,0.0,0.0
391,San Andres,12.58,-81.7,84.2,79,75,11.41,CO,2020-05-11 04:13:41,broken clouds,0.0,0.0
392,Puteyets,65.17,57.09,46.06,65,66,10.6,RU,2020-05-11 04:16:37,broken clouds,0.0,0.0
393,Treinta Y Tres,-33.23,-54.38,68.65,62,68,9.51,UY,2020-05-11 04:16:37,broken clouds,0.0,0.0
394,Pirkkala,61.46,23.63,35.01,95,90,5.82,FI,2020-05-11 04:16:37,light snow,0.0,0.0
395,Banchory,57.05,-2.49,35.6,80,40,11.41,GB,2020-05-11 04:16:38,scattered clouds,0.0,0.0
396,Halvad,23.02,71.18,89.87,47,2,6.31,IN,2020-05-11 04:16:38,clear sky,0.0,0.0
397,Richards Bay,-28.78,32.04,60.64,70,0,7.11,ZA,2020-05-11 04:16:38,clear sky,0.0,0.0
398,La Asuncion,11.03,-63.86,78.8,94,17,17.22,VE,2020-05-11 04:15:32,few clouds,0.0,0.0
399,Bull Savanna,17.89,-77.59,74.93,86,100,9.8,JM,2020-05-11 04:16:38,overcast clouds,0.0,0.0
400,Muromtsevo,56.37,75.24,76.35,39,0,4.34,RU,2020-05-11 04:16:39,clear sky,0.0,0.0
401,Padang,-0.95,100.35,88.56,58,100,4.27,ID,2020-05-11 04:15:07,overcast clouds,0.0,0.0
402,Cascais,38.7,-9.42,62.01,87,56,20.38,PT,2020-05-11 04:16:39,moderate rain,0.0,0.0
403,Gobabis,-22.45,18.97,55.4,54,0,5.82,NA,2020-05-11 04:16:39,clear sky,0.0,0.0
404,Pitimbu,-7.47,-34.81,75.2,94,20,5.82,BR,2020-05-11 04:16:40,few clouds,0.0,0.0
405,Oussouye,12.48,-16.55,73.4,88,75,4.7,SN,2020-05-11 04:16:40,broken clouds,0.0,0.0
406,Manta,-0.95,-80.73,78.8,83,75,4.7,EC,2020-05-11 04:16:41,broken clouds,0.0,0.0
407,Mana,5.66,-53.78,77.88,90,94,14.0,GF,2020-05-11 04:16:41,moderate rain,0.0,0.0
408,Gweta,-20.18,25.23,56.16,60,1,7.31,BW,2020-05-11 04:16:41,clear sky,0.0,0.0
409,Marawi,8.0,124.29,84.99,85,67,8.01,PH,2020-05-11 04:14:20,moderate rain,0.0,0.0
410,Pizarro,4.95,-77.37,79.18,88,100,3.42,CO,2020-05-11 04:16:42,light rain,0.0,0.0
411,Bari Sadri,24.42,74.47,87.8,38,0,10.29,IN,2020-05-11 04:16:42,clear sky,0.0,0.0
412,Malartic,48.13,-78.13,26.6,86,90,13.87,CA,2020-05-11 04:16:42,light snow,0.0,0.0
413,Carnarvon,-24.87,113.63,77.45,51,0,7.78,AU,2020-05-11 04:13:31,clear sky,0.0,0.0
414,Verkhniy Baskunchak,48.23,46.72,54.41,70,0,14.38,RU,2020-05-11 04:16:42,clear sky,0.0,0.0
415,George Town,5.41,100.34,87.8,79,20,4.7,MY,2020-05-11 04:16:43,few clouds,0.0,0.0
416,Pindiga,9.98,10.93,77.41,73,14,10.27,NG,2020-05-11 04:16:43,few clouds,0.0,0.0
417,Nara,34.69,135.8,81.0,60,20,10.29,JP,2020-05-11 04:16:43,few clouds,0.0,0.0
418,Priyutnoye,46.1,43.51,50.0,81,46,18.01,RU,2020-05-11 04:16:43,scattered clouds,0.0,0.0
419,Uyuni,-20.46,-66.83,43.07,52,21,7.78,BO,2020-05-11 04:16:44,few clouds,0.0,0.0
420,Mora,11.05,14.14,86.22,13,56,4.79,CM,2020-05-11 04:16:44,broken clouds,0.0,0.0
421,Adeje,28.12,-16.73,70.0,73,75,6.93,ES,2020-05-11 04:16:44,broken clouds,0.0,0.0
422,Sikonge,-5.63,32.77,60.76,92,79,3.76,TZ,2020-05-11 04:16:44,broken clouds,0.0,0.0
423,Varva,50.49,32.72,53.06,84,0,4.76,UA,2020-05-11 04:16:45,clear sky,0.0,0.0
424,Meghri,38.9,46.24,57.09,64,64,2.48,AM,2020-05-11 04:16:45,broken clouds,0.0,0.0
425,Dzhalil,55.02,52.74,57.11,64,51,8.81,RU,2020-05-11 04:16:45,broken clouds,0.0,0.0
426,Santa Cruz Del Sur,20.71,-78.0,80.87,78,100,3.69,CU,2020-05-11 04:16:45,light rain,0.0,0.0
427,Quatre Cocos,-20.21,57.76,73.4,56,75,11.41,MU,2020-05-11 04:16:45,broken clouds,0.0,0.0
428,Ritchie,-29.04,24.6,44.6,87,0,1.12,ZA,2020-05-11 04:16:46,clear sky,0.0,0.0
429,Rovaniemi,66.5,25.72,32.0,97,75,6.93,FI,2020-05-11 04:16:46,light shower snow,0.0,0.0
430,Sao Felix Do Xingu,-6.64,-51.99,71.8,96,100,1.72,BR,2020-05-11 04:16:46,overcast clouds,0.0,0.0
431,Kangaatsiaq,68.31,-53.46,34.54,87,100,12.48,GL,2020-05-11 04:16:46,overcast clouds,0.0,0.0
432,Bengkulu,-3.8,102.27,87.04,64,91,2.51,ID,2020-05-11 04:15:58,overcast clouds,0.0,0.0
433,Wagar,16.15,36.2,80.87,53,46,8.14,SD,2020-05-11 04:15:22,scattered clouds,0.0,0.0
434,Wadi Musa,30.32,35.48,59.05,40,0,3.4,JO,2020-05-11 04:16:47,clear sky,0.0,0.0
435,Lumberton,34.62,-79.01,57.2,81,1,4.7,US,2020-05-11 04:16:47,clear sky,0.0,0.0
436,Port-Cartier,50.03,-66.87,37.99,64,20,12.75,CA,2020-05-11 04:16:47,few clouds,0.0,0.0
437,Svetlogorsk,52.63,29.73,51.64,80,15,6.73,BY,2020-05-11 04:16:47,few clouds,0.0,0.0
438,Vardo,70.37,31.11,32.0,97,75,17.22,NO,2020-05-11 04:12:00,light rain and snow,0.0,0.0
439,Kruisfontein,-34.0,24.73,57.09,60,0,4.54,ZA,2020-05-11 04:12:51,clear sky,0.0,0.0
440,Gaoual,11.75,-13.2,77.43,68,46,2.98,GN,2020-05-11 04:16:48,scattered clouds,0.0,0.0
441,Wad Rawah,15.16,33.14,82.4,31,84,8.37,SD,2020-05-11 04:16:48,broken clouds,0.0,0.0
442,Praia Da Vitoria,38.73,-27.07,57.2,71,40,22.57,PT,2020-05-11 04:16:47,scattered clouds,0.0,0.0
443,Pokhara,28.23,83.98,80.53,38,91,2.39,NP,2020-05-11 04:16:48,overcast clouds,0.0,0.0
444,Senekal,-28.32,27.62,46.87,53,0,4.09,ZA,2020-05-11 04:16:48,clear sky,0.0,0.0
445,Sars,56.55,57.14,57.58,71,100,3.13,RU,2020-05-11 04:16:49,overcast clouds,0.0,0.0
446,Were Ilu,10.6,39.43,53.04,64,13,7.07,ET,2020-05-11 04:16:49,few clouds,0.0,0.0
447,Dolores,-36.31,-57.68,52.79,70,41,7.47,AR,2020-05-11 04:16:49,scattered clouds,0.0,0.0
448,Mogadishu,2.04,45.34,78.8,65,40,8.05,SO,2020-05-11 04:14:44,scattered clouds,0.0,0.0
449,Kibala,9.11,18.35,84.2,58,20,11.41,TD,2020-05-11 04:16:49,few clouds,0.0,0.0
450,Baraki Barak,33.97,68.95,68.4,39,55,3.87,AF,2020-05-11 04:16:50,broken clouds,0.0,0.0
451,Ostersund,63.18,14.64,28.4,79,53,19.46,SE,2020-05-11 04:16:50,broken clouds,0.0,0.0
452,Gat,31.61,34.76,63.0,71,0,2.93,IL,2020-05-11 04:15:02,clear sky,0.0,0.0
453,Marti,22.95,-80.92,71.6,73,90,3.36,CU,2020-05-11 04:16:50,overcast clouds,0.0,0.0
454,Oktyabrskoye,43.06,44.74,51.8,76,33,4.47,RU,2020-05-11 04:16:50,scattered clouds,0.0,0.0
455,Inzer,54.22,57.56,62.15,57,73,0.74,RU,2020-05-11 04:16:50,broken clouds,0.0,0.0
456,Challans,46.84,-1.87,51.8,81,90,18.34,FR,2020-05-11 04:16:51,overcast clouds,0.0,0.0
457,Umm Lajj,25.02,37.27,75.78,44,1,12.64,SA,2020-05-11 04:16:51,clear sky,0.0,0.0
458,Mozarlandia,-14.74,-50.57,71.15,81,1,2.66,BR,2020-05-11 04:16:51,clear sky,0.0,0.0
459,Shelburne,44.08,-80.2,35.6,93,90,7.96,CA,2020-05-11 04:16:51,overcast clouds,0.0,0.0
460,Nowa Deba,50.43,21.75,61.0,77,49,9.24,PL,2020-05-11 04:16:51,scattered clouds,0.0,0.0
461,Kenmare,51.88,-9.58,38.3,75,4,11.86,IE,2020-05-11 04:16:51,clear sky,0.0,0.0
462,Tocopilla,-22.09,-70.2,62.73,65,24,4.85,CL,2020-05-11 04:15:18,few clouds,0.0,0.0
463,Teguldet,57.31,88.17,79.03,37,8,2.01,RU,2020-05-11 04:16:52,clear sky,0.0,0.0
464,Carbonia,39.17,8.52,60.01,82,40,2.24,IT,2020-05-11 04:16:52,scattered clouds,0.0,0.0
465,Kosikha,53.36,84.58,75.2,27,90,4.47,RU,2020-05-11 04:16:52,overcast clouds,0.0,0.0
466,Stornoway,58.21,-6.39,33.01,86,91,10.42,GB,2020-05-11 04:16:52,overcast clouds,0.0,0.0
467,Esil,51.96,66.4,74.1,46,8,4.0,KZ,2020-05-11 04:16:53,clear sky,0.0,0.0
468,Savalou,7.93,1.98,74.91,91,100,4.63,BJ,2020-05-11 04:16:53,overcast clouds,0.0,0.0
469,Baglung,28.27,83.59,80.38,36,56,4.21,NP,2020-05-11 04:16:53,light rain,0.0,0.0
470,Carutapera,-1.2,-46.02,75.36,94,74,3.33,BR,2020-05-11 04:16:53,light rain,0.0,0.0
471,Orzu,37.56,68.82,75.2,47,75,4.47,TJ,2020-05-11 04:16:53,broken clouds,0.0,0.0
472,Taft,31.75,54.21,77.0,25,40,6.93,IR,2020-05-11 04:16:54,scattered clouds,0.0,0.0
473,Vetapalem,15.78,80.32,89.91,61,1,10.18,IN,2020-05-11 04:16:54,clear sky,0.0,0.0
474,Misratah,32.38,15.09,79.36,25,0,14.5,LY,2020-05-11 04:16:54,clear sky,0.0,0.0
475,Balakovo,52.03,47.8,54.01,73,0,11.7,RU,2020-05-11 04:16:54,clear sky,0.0,0.0
476,Yurla,59.33,54.32,56.23,73,77,5.64,RU,2020-05-11 04:16:55,broken clouds,0.0,0.0
477,Batsfjord,70.63,29.72,32.0,92,75,17.22,NO,2020-05-11 04:16:55,light rain and snow,0.0,0.0
478,Salym,60.06,71.48,70.97,46,96,7.99,RU,2020-05-11 04:16:55,overcast clouds,0.0,0.0
479,Saurimo,-9.66,20.39,61.63,80,64,4.65,AO,2020-05-11 04:16:55,broken clouds,0.0,0.0
480,La Rioja,42.25,-2.5,53.6,81,40,9.17,ES,2020-05-11 04:11:57,scattered clouds,0.0,0.0
481,Pervouralsk,56.91,59.94,66.2,63,40,6.71,RU,2020-05-11 04:16:56,scattered clouds,0.0,0.0
482,Coquimbo,-29.95,-71.34,51.8,87,0,4.7,CL,2020-05-11 04:16:56,clear sky,0.0,0.0
483,Bongandanga,1.5,21.05,70.52,98,92,1.9,CD,2020-05-11 04:16:56,overcast clouds,0.0,0.0
484,Mpika,-11.83,31.45,55.35,93,100,8.66,ZM,2020-05-11 04:16:56,overcast clouds,0.0,0.0
485,Chesma,53.81,60.65,61.54,67,88,5.93,RU,2020-05-11 04:16:57,overcast clouds,0.0,0.0
486,Sorland,67.67,12.69,35.6,80,40,19.46,NO,2020-05-11 04:15:05,shower rain,0.0,0.0
487,Zhanakorgan,43.91,67.25,80.01,27,17,4.03,KZ,2020-05-11 04:16:57,few clouds,0.0,0.0
488,Prieska,-29.66,22.75,54.68,39,0,1.97,ZA,2020-05-11 04:16:57,clear sky,0.0,0.0
489,Agalteca,14.45,-87.27,82.4,58,40,14.99,HN,2020-05-11 04:16:58,scattered clouds,0.0,0.0
490,Lubango,-14.92,13.49,57.49,63,100,1.72,AO,2020-05-11 04:16:58,overcast clouds,0.0,0.0
491,Dossor,47.53,52.98,57.31,60,100,8.25,KZ,2020-05-11 04:16:58,overcast clouds,0.0,0.0
492,Tabora,-5.02,32.8,60.04,86,100,5.91,TZ,2020-05-11 04:16:58,overcast clouds,0.0,0.0
493,Villa Bruzual,9.33,-69.12,79.27,73,2,3.15,VE,2020-05-11 04:15:56,clear sky,0.0,0.0
494,Maniitsoq,65.42,-52.9,42.53,69,95,16.33,GL,2020-05-11 04:16:58,overcast clouds,0.0,0.0
495,Uniontown,39.9,-79.72,46.99,67,100,1.99,US,2020-05-11 04:16:59,light rain,0.0,0.0
496,Macon,39.87,-88.97,44.01,75,90,4.7,US,2020-05-11 04:16:59,overcast clouds,0.0,0.0
497,Barberton,-25.79,31.05,53.01,81,0,4.7,ZA,2020-05-11 04:16:59,clear sky,0.0,0.0
498,Palampur,32.12,76.53,76.66,27,42,4.9,IN,2020-05-11 04:16:59,scattered clouds,0.0,0.0
499,Kissidougou,9.18,-10.1,71.35,94,100,1.19,GN,2020-05-11 04:16:59,overcast clouds,0.0,0.0
500,Beyneu,45.32,55.2,57.34,85,100,18.03,KZ,2020-05-11 04:17:00,light rain,0.0,0.0
501,Faya,18.39,42.45,66.2,77,0,4.32,SA,2020-05-11 04:15:55,clear sky,0.0,0.0
502,Mamallapuram,12.63,80.17,89.6,70,40,5.82,IN,2020-05-11 04:17:00,scattered clouds,0.0,0.0
503,Arlit,18.74,7.39,84.43,13,0,11.36,NE,2020-05-11 04:17:00,clear sky,0.0,0.0
504,Shieli,44.17,66.75,79.81,28,31,3.27,KZ,2020-05-11 04:17:00,scattered clouds,0.0,0.0
505,Puerto Quijarro,-17.78,-57.77,73.54,82,2,3.74,BO,2020-05-11 04:17:01,clear sky,0.0,0.0
506,Varasti,44.24,26.25,61.0,72,90,2.24,RO,2020-05-11 04:17:01,overcast clouds,0.0,0.0
507,Loralai,30.37,68.6,83.16,13,99,5.44,PK,2020-05-11 04:17:01,overcast clouds,0.0,0.0
508,Mahanoro,-19.9,48.8,69.31,91,100,4.72,MG,2020-05-11 04:17:01,light rain,0.0,0.0
509,Ondangwa,-17.92,15.95,62.6,67,30,4.7,NA,2020-05-11 04:17:01,scattered clouds,0.0,0.0
510,Onguday,50.75,86.15,73.76,23,67,3.02,RU,2020-05-11 04:17:02,broken clouds,0.0,0.0
511,Kurchum,48.57,83.65,73.11,20,100,8.9,KZ,2020-05-11 04:17:02,overcast clouds,0.0,0.0
512,Salamanca,40.83,-6.0,46.4,93,75,8.39,ES,2020-05-11 04:17:02,broken clouds,0.0,0.0
513,Gari,59.43,62.35,64.94,66,100,6.13,RU,2020-05-11 04:17:02,overcast clouds,0.0,0.0
514,Gravdal,68.12,13.5,36.05,80,99,14.36,NO,2020-05-11 04:17:02,light snow,0.0,0.0
515,Dusti,37.35,68.66,75.2,47,75,4.47,TJ,2020-05-11 04:17:02,broken clouds,0.0,0.0
516,Thessalon,46.25,-83.57,37.4,69,90,4.7,CA,2020-05-11 04:17:03,overcast clouds,0.0,0.0
517,Alexandria,31.22,29.96,59.0,93,0,4.54,EG,2020-05-11 04:17:03,clear sky,0.0,0.0
518,Murgab,37.5,61.97,71.6,56,0,4.7,TM,2020-05-11 04:17:03,clear sky,0.0,0.0
519,Oudtshoorn,-33.59,22.2,55.4,100,90,2.24,ZA,2020-05-11 04:17:03,mist,0.0,0.0
520,Staraya Poltavka,50.48,46.48,51.33,81,56,16.49,RU,2020-05-11 04:17:03,light rain,0.0,0.0
521,Aleksandrov Gay,50.15,48.57,54.97,68,0,11.92,RU,2020-05-11 04:17:04,clear sky,0.0,0.0
522,San Cristobal,7.77,-72.22,69.66,80,26,3.31,VE,2020-05-11 04:17:04,scattered clouds,0.0,0.0
523,Corinto,37.94,22.96,64.99,64,100,0.25,GR,2020-05-11 04:16:35,overcast clouds,0.0,0.0
524,Puerto Ayacucho,5.66,-67.62,76.5,89,75,4.72,VE,2020-05-11 04:17:04,broken clouds,0.0,0.0
525,Jawhar,2.78,45.5,78.33,86,81,12.66,SO,2020-05-11 04:17:04,broken clouds,0.0,0.0
526,Tarnos,43.54,-1.46,57.2,93,100,19.46,FR,2020-05-11 04:17:05,light rain,0.0,0.0
527,Balkanabat,39.51,54.37,63.81,70,32,15.19,TM,2020-05-11 04:17:05,scattered clouds,0.0,0.0
528,Vila Franca Do Campo,37.72,-25.43,57.2,62,75,5.82,PT,2020-05-11 04:17:05,broken clouds,0.0,0.0
529,Ozinki,51.18,49.68,54.32,68,23,10.74,RU,2020-05-11 04:17:05,few clouds,0.0,0.0
530,Lebyazhye,55.27,66.49,70.12,49,41,4.52,RU,2020-05-11 04:17:05,scattered clouds,0.0,0.0
531,Monrovia,6.3,-10.8,79.92,85,93,8.95,LR,2020-05-11 04:14:21,light rain,0.0,0.0
532,Edd,13.93,41.69,85.93,68,15,10.69,ER,2020-05-11 04:18:22,few clouds,0.0,0.0
533,Geraldton,-28.77,114.6,73.4,49,92,13.87,AU,2020-05-11 04:13:48,overcast clouds,0.0,0.0
534,Mumbwa,-14.98,27.06,53.62,91,54,3.91,ZM,2020-05-11 04:16:24,broken clouds,0.0,0.0
535,Barra Do Corda,-5.5,-45.25,72.72,87,100,2.17,BR,2020-05-11 04:18:23,overcast clouds,0.0,0.0
536,Camacupa,-12.02,17.48,58.64,91,80,2.44,AO,2020-05-11 04:18:23,broken clouds,0.0,0.0
537,Claudio,-20.44,-44.77,51.85,93,3,1.86,BR,2020-05-11 04:18:23,clear sky,0.0,0.0
538,Guryevsk,54.28,85.93,79.84,27,6,1.7,RU,2020-05-11 04:18:23,clear sky,0.0,0.0
539,Zhezkazgan,47.8,67.71,68.0,68,0,4.47,KZ,2020-05-11 04:18:23,clear sky,0.0,0.0
540,Yarada,17.65,83.27,87.8,79,20,6.93,IN,2020-05-11 04:18:24,mist,0.0,0.0
541,Khipro,25.83,69.38,91.08,50,30,12.93,PK,2020-05-11 04:18:24,scattered clouds,0.0,0.0
542,Erdemli,36.6,34.31,65.91,66,34,7.83,TR,2020-05-11 04:18:24,scattered clouds,0.0,0.0
543,Mutis,6.23,-77.4,80.35,83,100,3.47,CO,2020-05-11 04:18:24,light rain,0.0,0.0
544,Ambovombe,-25.17,46.08,64.76,82,0,8.75,MG,2020-05-11 04:18:24,clear sky,0.0,0.0
545,Duverge,18.38,-71.52,74.12,72,100,1.48,DO,2020-05-11 04:18:24,overcast clouds,0.0,0.0
546,Hargeysa,9.56,44.06,71.71,61,72,11.03,SO,2020-05-11 04:18:25,broken clouds,0.0,0.0
547,Mattru,7.62,-11.83,75.54,95,63,1.5,SL,2020-05-11 04:18:25,broken clouds,0.0,0.0
548,Havre-Saint-Pierre,50.23,-63.6,35.6,80,20,19.46,CA,2020-05-11 04:13:36,few clouds,0.0,0.0
549,Aragats,40.49,44.35,46.4,75,2,4.7,AM,2020-05-11 04:18:25,clear sky,0.0,0.0
550,Kitgum,3.28,32.89,66.63,96,100,3.33,UG,2020-05-11 04:18:25,overcast clouds,0.0,0.0
551,Cartagena Del Chaira,1.33,-74.84,71.96,96,11,0.83,CO,2020-05-11 04:18:25,few clouds,0.0,0.0
552,Nortelandia,-14.45,-56.8,72.19,88,2,4.32,BR,2020-05-11 04:18:26,clear sky,0.0,0.0
553,Alba,52.03,23.12,57.2,82,90,4.47,PL,2020-05-11 04:18:26,overcast clouds,0.0,0.0
554,Lerwick,60.15,-1.15,35.6,86,85,17.22,GB,2020-05-11 04:14:40,light snow,0.0,0.0
555,Halifax,44.65,-63.57,39.0,60,25,1.01,CA,2020-05-11 04:18:24,scattered clouds,0.0,0.0
556,Lalian,31.82,72.8,93.47,27,100,10.18,PK,2020-05-11 04:18:26,overcast clouds,0.0,0.0
557,Trairi,-3.28,-39.27,75.29,90,100,6.38,BR,2020-05-11 04:13:59,light rain,0.0,0.0
558,Chudniv,50.05,28.12,53.01,77,79,9.46,UA,2020-05-11 04:18:27,broken clouds,0.0,0.0
559,Inhambane,-23.86,35.38,67.96,80,35,7.16,MZ,2020-05-11 04:18:27,scattered clouds,0.0,0.0
560,Bissau,11.86,-15.6,70.99,87,7,5.41,GW,2020-05-11 04:18:27,clear sky,0.0,0.0
561,Bardiyah,31.76,25.09,66.92,37,0,9.98,LY,2020-05-11 04:18:27,clear sky,0.0,0.0
562,Marrakesh,31.63,-8.01,57.2,76,1,5.82,MA,2020-05-11 04:18:27,clear sky,0.0,0.0
563,Cabinda,-5.55,12.2,77.05,87,99,5.1,AO,2020-05-11 04:15:15,overcast clouds,0.0,0.0
564,Salinas,36.68,-121.66,57.2,71,1,11.41,US,2020-05-11 04:17:03,clear sky,0.0,0.0
565,Velizh,55.61,31.2,48.72,74,11,5.23,RU,2020-05-11 04:18:28,few clouds,0.0,0.0
566,Bandar-E Lengeh,26.56,54.88,89.6,70,83,11.41,IR,2020-05-11 04:18:28,broken clouds,0.0,0.0
567,Khuzdar,27.74,66.64,88.12,12,0,3.42,PK,2020-05-11 04:18:28,clear sky,0.0,0.0
568,Road Town,18.42,-64.62,80.01,84,4,18.99,VG,2020-05-11 04:18:29,clear sky,0.0,0.0
569,Tenenkou,14.46,-4.92,89.87,35,66,5.53,ML,2020-05-11 04:18:29,broken clouds,0.0,0.0
570,Minna,9.61,6.56,80.6,78,20,12.75,NG,2020-05-11 04:18:29,few clouds,0.0,0.0
571,Diamantina,-18.25,-43.6,47.34,96,0,4.14,BR,2020-05-11 04:18:29,clear sky,0.0,0.0
572,Yaounde,3.87,11.52,68.9,99,100,2.62,CM,2020-05-11 04:13:53,overcast clouds,0.0,0.0
573,Nizwa,22.93,57.53,94.3,14,0,1.88,OM,2020-05-11 04:18:30,clear sky,0.0,0.0
574,Urengoy,65.97,78.37,42.17,82,63,3.4,RU,2020-05-11 04:18:30,light rain,0.0,0.0
575,Kuytun,54.34,101.5,62.31,30,77,4.59,RU,2020-05-11 04:18:30,broken clouds,0.0,0.0
576,Lucapa,-8.42,20.74,65.17,82,68,3.15,AO,2020-05-11 04:18:30,broken clouds,0.0,0.0
577,Uribia,11.71,-72.27,80.04,72,0,17.16,CO,2020-05-11 04:18:30,clear sky,0.0,0.0
578,Diamantino,-14.41,-56.45,71.65,88,0,5.32,BR,2020-05-11 04:18:31,clear sky,0.0,0.0
579,Solton,52.84,86.48,76.06,37,67,3.69,RU,2020-05-11 04:18:31,broken clouds,0.0,0.0
580,Matara,5.95,80.54,88.05,64,100,1.1,LK,2020-05-11 04:18:31,overcast clouds,0.0,0.0
581,Schiedam,51.92,4.38,45.0,48,75,16.11,NL,2020-05-11 04:18:31,broken clouds,0.0,0.0
582,Araouane,18.9,-3.53,87.35,12,94,8.66,ML,2020-05-11 04:18:31,overcast clouds,0.0,0.0
583,Koulamoutou,-1.13,12.47,71.22,91,100,1.07,GA,2020-05-11 04:18:32,overcast clouds,0.0,0.0
584,Bay Roberts,47.6,-53.26,37.0,57,75,1.99,CA,2020-05-11 04:18:32,broken clouds,0.0,0.0
585,Santa Helena,-2.23,-45.3,73.42,97,71,0.87,BR,2020-05-11 04:18:32,broken clouds,0.0,0.0
586,Georgiyevka,43.04,74.71,68.0,52,0,8.95,KZ,2020-05-11 04:18:32,clear sky,0.0,0.0
587,Gwanda,-20.93,29.0,49.93,92,4,4.23,ZW,2020-05-11 04:18:33,clear sky,0.0,0.0
588,Springbok,-29.66,17.89,60.6,33,0,5.99,ZA,2020-05-11 04:18:33,clear sky,0.0,0.0
589,Naron,43.52,-8.15,48.2,100,90,4.7,ES,2020-05-11 04:18:33,fog,0.0,0.0
590,Brae,60.4,-1.35,35.6,80,96,9.17,GB,2020-05-11 04:18:33,overcast clouds,0.0,0.0
591,Kovdor,67.57,30.48,35.53,98,100,6.67,RU,2020-05-11 04:18:34,light rain,0.0,0.0
592,Juba,4.85,31.58,73.98,85,98,3.47,SS,2020-05-11 04:17:35,overcast clouds,0.0,0.0
593,Chaudfontaine,50.58,5.63,44.01,75,75,14.99,BE,2020-05-11 04:18:34,broken clouds,0.0,0.0
594,Alta Floresta,-9.88,-56.09,70.86,98,100,3.06,BR,2020-05-11 04:18:34,overcast clouds,0.0,0.0
595,Saint-Pierre,-21.34,55.48,71.6,60,75,6.93,RE,2020-05-11 04:18:34,broken clouds,0.0,0.0
596,Sobradinho,-12.83,-39.1,66.6,95,100,6.67,BR,2020-05-11 04:18:34,light rain,0.0,0.0
597,Alagoinhas,-12.14,-38.42,69.15,97,52,3.29,BR,2020-05-11 04:18:35,broken clouds,0.0,0.0
598,Westport,41.14,-73.36,54.0,71,1,12.75,US,2020-05-11 04:18:35,clear sky,0.0,0.0
599,Yangambi,0.81,24.43,68.65,95,43,0.92,CD,2020-05-11 04:18:35,scattered clouds,0.0,0.0
600,Chicago,41.85,-87.65,39.99,93,90,9.08,US,2020-05-11 04:18:12,overcast clouds,0.0,0.0
601,Lumeje,-11.55,20.78,59.05,71,89,4.74,AO,2020-05-11 04:18:36,overcast clouds,0.0,0.0
602,Barinas,8.62,-70.21,79.54,73,40,2.93,VE,2020-05-11 04:18:36,scattered clouds,0.0,0.0
603,Dzaoudzi,-12.79,45.27,82.4,74,1,11.41,YT,2020-05-11 04:18:36,clear sky,0.0,0.0
604,Tessalit,20.2,1.01,83.71,14,10,7.83,ML,2020-05-11 04:18:36,clear sky,0.0,0.0
